district,county,state_school_id,nces_id,school_name,school_type,is_zoned_public,is_charter,is_magnet,is_private,grades_served,address,city,zip,latitude,longitude,source_url,notes
LAKE,LAKE,350031,,BEVERLY SHORES ELEMENTARY SCHOOL,Elementary,YES,NO,,NO,,,,,,,https://www.fldoe.org/file/18534/SchoolGrades25.xlsx,School type code 01; Title I=YES; Alternative/ESE=N; coordinates pending NCES/district GIS pull.
LAKE,LAKE,350035,,LAKE SUCCESS ELEMENTARY SCHOOL,Elementary,YES,NO,,NO,,,,,,,https://www.fldoe.org/file/18534/SchoolGrades25.xlsx,School type code 01; Title I=NO; Alternative/ESE=A; coordinates pending NCES/district GIS pull.
LAKE,LAKE,350061,,EUSTIS ELEMENTARY SCHOOL,Elementary,YES,NO,,NO,,,,,,,https://www.fldoe.org/file/18534/SchoolGrades25.xlsx,School type code 01; Title I=YES; Alternative/ESE=N; coordinates pending NCES/district GIS pull.
LAKE,LAKE,350067,,SAWGRASS BAY ELEMENTARY SCHOOL,Elementary,YES,NO,,NO,,,,,,,https://www.fldoe.org/file/18534/SchoolGrades25.xlsx,School type code 01; Title I=NO; Alternative/ESE=N; coordinates pending NCES/district GIS pull.
LAKE,LAKE,350068,,GRASSY LAKE ELEMENTARY SCHOOL,Elementary,YES,NO,,NO,,,,,,,https://www.fldoe.org/file/18534/SchoolGrades25.xlsx,School type code 01; Title I=NO; Alternative/ESE=N; coordinates pending NCES/district GIS pull.
LAKE,LAKE,350069,,SORRENTO ELEMENTARY,Elementary,YES,NO,,NO,,,,,,,https://www.fldoe.org/file/18534/SchoolGrades25.xlsx,School type code 01; Title I=NO; Alternative/ESE=N; coordinates pending NCES/district GIS pull.
LAKE,LAKE,350071,,EUSTIS HEIGHTS ELEMENTARY SCHOOL,Elementary,YES,NO,,NO,,,,,,,https://www.fldoe.org/file/18534/SchoolGrades25.xlsx,School type code 01; Title I=YES; Alternative/ESE=N; coordinates pending NCES/district GIS pull.
LAKE,LAKE,350080,,EAST RIDGE MIDDLE SCHOOL,Middle/Junior,YES,NO,,NO,,,,,,,https://www.fldoe.org/file/18534/SchoolGrades25.xlsx,School type code 02; Title I=NO; Alternative/ESE=N; coordinates pending NCES/district GIS pull.
LAKE,LAKE,350081,,EUSTIS HIGH SCHOOL,Senior High,YES,NO,,NO,,,,,,,https://www.fldoe.org/file/18534/SchoolGrades25.xlsx,School type code 03; Title I=NO; Alternative/ESE=N; coordinates pending NCES/district GIS pull.
LAKE,LAKE,350101,,FRUITLAND PARK ELEMENTARY SCHOOL,Elementary,YES,NO,,NO,,,,,,,https://www.fldoe.org/file/18534/SchoolGrades25.xlsx,School type code 01; Title I=YES; Alternative/ESE=N; coordinates pending NCES/district GIS pull.
LAKE,LAKE,350113,,GRAY MIDDLE SCHOOL,Middle/Junior,YES,NO,,NO,,,,,,,https://www.fldoe.org/file/18534/SchoolGrades25.xlsx,School type code 02; Title I=NO; Alternative/ESE=N; coordinates pending NCES/district GIS pull.
LAKE,LAKE,350119,,THE VILLAGES ELEMENTARY OF LADY LAKE SCHOOL,Elementary,YES,NO,,NO,,,,,,,https://www.fldoe.org/file/18534/SchoolGrades25.xlsx,School type code 01; Title I=YES; Alternative/ESE=N; coordinates pending NCES/district GIS pull.
LAKE,LAKE,350141,,SEMINOLE SPRINGS ELEMENTARY SCHOOL,Elementary,YES,NO,,NO,,,,,,,https://www.fldoe.org/file/18534/SchoolGrades25.xlsx,School type code 01; Title I=NO; Alternative/ESE=N; coordinates pending NCES/district GIS pull.
LAKE,LAKE,350149,,ROUND LAKE CHARTER SCHOOL,Combination,NO,YES,,NO,,,,,,,https://www.fldoe.org/file/18534/SchoolGrades25.xlsx,School type code 04; Title I=NO; Alternative/ESE=N; coordinates pending NCES/district GIS pull.
LAKE,LAKE,350161,,LEESBURG HIGH SCHOOL,Senior High,YES,NO,,NO,,,,,,,https://www.fldoe.org/file/18534/SchoolGrades25.xlsx,School type code 03; Title I=YES; Alternative/ESE=N; coordinates pending NCES/district GIS pull.
LAKE,LAKE,350181,,MT. DORA HIGH SCHOOL,Senior High,YES,NO,,NO,,,,,,,https://www.fldoe.org/file/18534/SchoolGrades25.xlsx,School type code 03; Title I=NO; Alternative/ESE=N; coordinates pending NCES/district GIS pull.
LAKE,LAKE,350211,,TAVARES HIGH SCHOOL,Senior High,YES,NO,,NO,,,,,,,https://www.fldoe.org/file/18534/SchoolGrades25.xlsx,School type code 03; Title I=NO; Alternative/ESE=N; coordinates pending NCES/district GIS pull.
LAKE,LAKE,350213,,TAVARES MIDDLE SCHOOL,Middle/Junior,YES,NO,,NO,,,,,,,https://www.fldoe.org/file/18534/SchoolGrades25.xlsx,School type code 02; Title I=YES; Alternative/ESE=N; coordinates pending NCES/district GIS pull.
LAKE,LAKE,350231,,UMATILLA HIGH SCHOOL,Senior High,YES,NO,,NO,,,,,,,https://www.fldoe.org/file/18534/SchoolGrades25.xlsx,School type code 03; Title I=YES; Alternative/ESE=N; coordinates pending NCES/district GIS pull.
LAKE,LAKE,350241,,TREADWAY ELEMENTARY SCHOOL,Elementary,YES,NO,,NO,,,,,,,https://www.fldoe.org/file/18534/SchoolGrades25.xlsx,School type code 01; Title I=YES; Alternative/ESE=N; coordinates pending NCES/district GIS pull.
LAKE,LAKE,350251,,OAK PARK MIDDLE SCHOOL,Middle/Junior,YES,NO,,NO,,,,,,,https://www.fldoe.org/file/18534/SchoolGrades25.xlsx,School type code 02; Title I=YES; Alternative/ESE=N; coordinates pending NCES/district GIS pull.
LAKE,LAKE,350261,,MINNEOLA CHARTER SCHOOL,Combination,NO,YES,,NO,,,,,,,https://www.fldoe.org/file/18534/SchoolGrades25.xlsx,School type code 04; Title I=NO; Alternative/ESE=N; coordinates pending NCES/district GIS pull.
LAKE,LAKE,350271,,ASTATULA ELEMENTARY SCHOOL,Elementary,YES,NO,,NO,,,,,,,https://www.fldoe.org/file/18534/SchoolGrades25.xlsx,School type code 01; Title I=NO; Alternative/ESE=N; coordinates pending NCES/district GIS pull.
LAKE,LAKE,350281,,LOST LAKE ELEMENTARY SCHOOL,Elementary,YES,NO,,NO,,,,,,,https://www.fldoe.org/file/18534/SchoolGrades25.xlsx,School type code 01; Title I=NO; Alternative/ESE=N; coordinates pending NCES/district GIS pull.
LAKE,LAKE,350291,,LEESBURG ELEMENTARY SCHOOL,Elementary,YES,NO,,NO,,,,,,,https://www.fldoe.org/file/18534/SchoolGrades25.xlsx,School type code 01; Title I=YES; Alternative/ESE=N; coordinates pending NCES/district GIS pull.
LAKE,LAKE,350351,,CARVER MIDDLE SCHOOL,Middle/Junior,YES,NO,,NO,,,,,,,https://www.fldoe.org/file/18534/SchoolGrades25.xlsx,School type code 02; Title I=YES; Alternative/ESE=N; coordinates pending NCES/district GIS pull.
LAKE,LAKE,350382,,GROVELAND ELEMENTARY SCHOOL,Elementary,YES,NO,,NO,,,,,,,https://www.fldoe.org/file/18534/SchoolGrades25.xlsx,School type code 01; Title I=YES; Alternative/ESE=N; coordinates pending NCES/district GIS pull.
LAKE,LAKE,350411,,MT. DORA MIDDLE SCHOOL,Middle/Junior,YES,NO,,NO,,,,,,,https://www.fldoe.org/file/18534/SchoolGrades25.xlsx,School type code 02; Title I=NO; Alternative/ESE=N; coordinates pending NCES/district GIS pull.
LAKE,LAKE,350431,,LAKE POINTE ACADEMY,Combination,YES,NO,,NO,,,,,,,https://www.fldoe.org/file/18534/SchoolGrades25.xlsx,School type code 04; Title I=NO; Alternative/ESE=N; coordinates pending NCES/district GIS pull.
LAKE,LAKE,350471,,AURELIA M. COLE ACADEMY,Combination,YES,NO,,NO,,,,,,,https://www.fldoe.org/file/18534/SchoolGrades25.xlsx,School type code 04; Title I=NO; Alternative/ESE=N; coordinates pending NCES/district GIS pull.
LAKE,LAKE,350481,,WINDY HILL MIDDLE SCHOOL,Middle/Junior,YES,NO,,NO,,,,,,,https://www.fldoe.org/file/18534/SchoolGrades25.xlsx,School type code 02; Title I=NO; Alternative/ESE=N; coordinates pending NCES/district GIS pull.
LAKE,LAKE,350521,,TRIANGLE ELEMENTARY SCHOOL,Elementary,YES,NO,,NO,,,,,,,https://www.fldoe.org/file/18534/SchoolGrades25.xlsx,School type code 01; Title I=YES; Alternative/ESE=N; coordinates pending NCES/district GIS pull.
LAKE,LAKE,350541,,MASCOTTE CHARTER SCHOOL,Elementary,NO,YES,,NO,,,,,,,https://www.fldoe.org/file/18534/SchoolGrades25.xlsx,School type code 01; Title I=NO; Alternative/ESE=N; coordinates pending NCES/district GIS pull.
LAKE,LAKE,350551,,TAVARES ELEMENTARY SCHOOL,Elementary,YES,NO,,NO,,,,,,,https://www.fldoe.org/file/18534/SchoolGrades25.xlsx,School type code 01; Title I=YES; Alternative/ESE=N; coordinates pending NCES/district GIS pull.
LAKE,LAKE,350561,,UMATILLA ELEMENTARY SCHOOL,Elementary,YES,NO,,NO,,,,,,,https://www.fldoe.org/file/18534/SchoolGrades25.xlsx,School type code 01; Title I=NO; Alternative/ESE=N; coordinates pending NCES/district GIS pull.
LAKE,LAKE,350571,,UMATILLA MIDDLE SCHOOL,Middle/Junior,YES,NO,,NO,,,,,,,https://www.fldoe.org/file/18534/SchoolGrades25.xlsx,School type code 02; Title I=YES; Alternative/ESE=N; coordinates pending NCES/district GIS pull.
LAKE,LAKE,350591,,PINE RIDGE ELEMENTARY SCHOOL,Elementary,YES,NO,,NO,,,,,,,https://www.fldoe.org/file/18534/SchoolGrades25.xlsx,School type code 01; Title I=NO; Alternative/ESE=N; coordinates pending NCES/district GIS pull.
LAKE,LAKE,350597,,CYPRESS RIDGE ELEMENTARY SCHOOL,Elementary,YES,NO,,NO,,,,,,,https://www.fldoe.org/file/18534/SchoolGrades25.xlsx,School type code 01; Title I=NO; Alternative/ESE=N; coordinates pending NCES/district GIS pull.
LAKE,LAKE,350631,,SPRING CREEK CHARTER SCHOOL,Combination,NO,YES,,NO,,,,,,,https://www.fldoe.org/file/18534/SchoolGrades25.xlsx,School type code 04; Title I=YES; Alternative/ESE=N; coordinates pending NCES/district GIS pull.
LAKE,LAKE,350697,,EUSTIS MIDDLE SCHOOL,Middle/Junior,YES,NO,,NO,,,,,,,https://www.fldoe.org/file/18534/SchoolGrades25.xlsx,School type code 02; Title I=YES; Alternative/ESE=N; coordinates pending NCES/district GIS pull.
LAKE,LAKE,350701,,SOUTH LAKE HIGH SCHOOL,Senior High,YES,NO,,NO,,,,,,,https://www.fldoe.org/file/18534/SchoolGrades25.xlsx,School type code 03; Title I=NO; Alternative/ESE=N; coordinates pending NCES/district GIS pull.
LAKE,LAKE,350801,,EAST RIDGE HIGH SCHOOL,Senior High,YES,NO,,NO,,,,,,,https://www.fldoe.org/file/18534/SchoolGrades25.xlsx,School type code 03; Title I=NO; Alternative/ESE=N; coordinates pending NCES/district GIS pull.
LAKE,LAKE,350901,,LAKE MINNEOLA HIGH SCHOOL,Senior High,YES,NO,,NO,,,,,,,https://www.fldoe.org/file/18534/SchoolGrades25.xlsx,School type code 03; Title I=NO; Alternative/ESE=N; coordinates pending NCES/district GIS pull.
LAKE,LAKE,357004,,LAKE VIRTUAL FRANCHISE,Combination,YES,NO,,NO,,,,,,,https://www.fldoe.org/file/18534/SchoolGrades25.xlsx,School type code 04; Title I=NO; Alternative/ESE=N; coordinates pending NCES/district GIS pull.
LAKE,LAKE,359027,,PINECREST ACADEMY FOUR CORNERS,Combination,NO,YES,,NO,,,,,,,https://www.fldoe.org/file/18534/SchoolGrades25.xlsx,School type code 04; Title I=NO; Alternative/ESE=N; coordinates pending NCES/district GIS pull.
LAKE,LAKE,359028,,ALTOONA SCHOOL,Elementary,NO,YES,,NO,,,,,,,https://www.fldoe.org/file/18534/SchoolGrades25.xlsx,School type code 01; Title I=YES; Alternative/ESE=N; coordinates pending NCES/district GIS pull.
LAKE,LAKE,359031,,IMAGINE SCHOOLS AT SOUTH LAKE,Combination,NO,YES,,NO,,,,,,,https://www.fldoe.org/file/18534/SchoolGrades25.xlsx,School type code 04; Title I=NO; Alternative/ESE=N; coordinates pending NCES/district GIS pull.
LAKE,LAKE,359039,,PINECREST ACADEMY TAVARES,Combination,NO,YES,,NO,,,,,,,https://www.fldoe.org/file/18534/SchoolGrades25.xlsx,School type code 04; Title I=NO; Alternative/ESE=N; coordinates pending NCES/district GIS pull.
LAKE,LAKE,359041,,PINECREST LAKES ACADEMY,Combination,NO,YES,,NO,,,,,,,https://www.fldoe.org/file/18534/SchoolGrades25.xlsx,School type code 04; Title I=NO; Alternative/ESE=N; coordinates pending NCES/district GIS pull.
LAKE,LAKE,359061,,PINECREST LAKES MIDDLE/HIGH ACADEMY,Senior High,NO,YES,,NO,,,,,,,https://www.fldoe.org/file/18534/SchoolGrades25.xlsx,School type code 03; Title I=NO; Alternative/ESE=N; coordinates pending NCES/district GIS pull.
OSCEOLA,OSCEOLA,490005,,TOHOPEKALIGA HIGH SCHOOL,Senior High,YES,NO,,NO,,,,,,,https://www.fldoe.org/file/18534/SchoolGrades25.xlsx,School type code 03; Title I=NO; Alternative/ESE=N; coordinates pending NCES/district GIS pull.
OSCEOLA,OSCEOLA,490011,,HARMONY COMMUNITY SCHOOL,Elementary,YES,NO,,NO,,,,,,,https://www.fldoe.org/file/18534/SchoolGrades25.xlsx,School type code 01; Title I=NO; Alternative/ESE=N; coordinates pending NCES/district GIS pull.
OSCEOLA,OSCEOLA,490040,,NARCOOSSEE MIDDLE SCHOOL,Middle/Junior,YES,NO,,NO,,,,,,,https://www.fldoe.org/file/18534/SchoolGrades25.xlsx,School type code 02; Title I=NO; Alternative/ESE=N; coordinates pending NCES/district GIS pull.
OSCEOLA,OSCEOLA,490041,,DISCOVERY INTERMEDIATE SCHOOL,Middle/Junior,YES,NO,,NO,,,,,,,https://www.fldoe.org/file/18534/SchoolGrades25.xlsx,School type code 02; Title I=YES; Alternative/ESE=N; coordinates pending NCES/district GIS pull.
OSCEOLA,OSCEOLA,490042,,KISSIMMEE ELEMENTARY SCHOOL,Elementary,YES,NO,,NO,,,,,,,https://www.fldoe.org/file/18534/SchoolGrades25.xlsx,School type code 01; Title I=YES; Alternative/ESE=N; coordinates pending NCES/district GIS pull.
OSCEOLA,OSCEOLA,490043,,NARCOOSSEE ELEMENTARY SCHOOL,Elementary,YES,NO,,NO,,,,,,,https://www.fldoe.org/file/18534/SchoolGrades25.xlsx,School type code 01; Title I=NO; Alternative/ESE=N; coordinates pending NCES/district GIS pull.
OSCEOLA,OSCEOLA,490061,,CENTRAL AVENUE ELEMENTARY SCHOOL,Elementary,YES,NO,,NO,,,,,,,https://www.fldoe.org/file/18534/SchoolGrades25.xlsx,School type code 01; Title I=YES; Alternative/ESE=N; coordinates pending NCES/district GIS pull.
OSCEOLA,OSCEOLA,490071,,HIGHLANDS ELEMENTARY SCHOOL,Elementary,YES,NO,,NO,,,,,,,https://www.fldoe.org/file/18534/SchoolGrades25.xlsx,School type code 01; Title I=YES; Alternative/ESE=N; coordinates pending NCES/district GIS pull.
OSCEOLA,OSCEOLA,490081,,OSCEOLA HIGH SCHOOL,Senior High,YES,NO,,NO,,,,,,,https://www.fldoe.org/file/18534/SchoolGrades25.xlsx,School type code 03; Title I=YES; Alternative/ESE=N; coordinates pending NCES/district GIS pull.
OSCEOLA,OSCEOLA,490091,,DENN JOHN MIDDLE SCHOOL,Middle/Junior,YES,NO,,NO,,,,,,,https://www.fldoe.org/file/18534/SchoolGrades25.xlsx,School type code 02; Title I=YES; Alternative/ESE=N; coordinates pending NCES/district GIS pull.
OSCEOLA,OSCEOLA,490101,,THACKER AVENUE ELEMENTARY FOR INTERNATIONAL STUDIES,Elementary,YES,NO,,NO,,,,,,,https://www.fldoe.org/file/18534/SchoolGrades25.xlsx,School type code 01; Title I=YES; Alternative/ESE=N; coordinates pending NCES/district GIS pull.
OSCEOLA,OSCEOLA,490111,,ST. CLOUD ELEMENTARY SCHOOL,Elementary,YES,NO,,NO,,,,,,,https://www.fldoe.org/file/18534/SchoolGrades25.xlsx,School type code 01; Title I=NO; Alternative/ESE=N; coordinates pending NCES/district GIS pull.
OSCEOLA,OSCEOLA,490131,,BRIDGEPREP ACADEMY OF ST.CLOUD,Combination,NO,YES,,NO,,,,,,,https://www.fldoe.org/file/18534/SchoolGrades25.xlsx,School type code 04; Title I=NO; Alternative/ESE=N; coordinates pending NCES/district GIS pull.
OSCEOLA,OSCEOLA,490149,,RENAISSANCE CHARTER SCHOOL AT POINCIANA,Combination,NO,YES,,NO,,,,,,,https://www.fldoe.org/file/18534/SchoolGrades25.xlsx,School type code 04; Title I=YES; Alternative/ESE=N; coordinates pending NCES/district GIS pull.
OSCEOLA,OSCEOLA,490152,,FOUR CORNERS UPPER SCHOOL,Combination,NO,YES,,NO,,,,,,,https://www.fldoe.org/file/18534/SchoolGrades25.xlsx,School type code 04; Title I=NO; Alternative/ESE=N; coordinates pending NCES/district GIS pull.
OSCEOLA,OSCEOLA,490153,,FLORIDA CYBER CHARTER ACADEMY AT OSCEOLA,Combination,NO,YES,,NO,,,,,,,https://www.fldoe.org/file/18534/SchoolGrades25.xlsx,School type code 04; Title I=NO; Alternative/ESE=N; coordinates pending NCES/district GIS pull.
OSCEOLA,OSCEOLA,490155,,VICTORY CHARTER SCHOOL,Combination,NO,YES,,NO,,,,,,,https://www.fldoe.org/file/18534/SchoolGrades25.xlsx,School type code 04; Title I=YES; Alternative/ESE=N; coordinates pending NCES/district GIS pull.
OSCEOLA,OSCEOLA,490163,,MATER BRIGHTON LAKES,Combination,NO,YES,,NO,,,,,,,https://www.fldoe.org/file/18534/SchoolGrades25.xlsx,School type code 04; Title I=YES; Alternative/ESE=N; coordinates pending NCES/district GIS pull.
OSCEOLA,OSCEOLA,490171,,RENAISSANCE CHARTER SCHOOL AT TAPESTRY,Combination,NO,YES,,NO,,,,,,,https://www.fldoe.org/file/18534/SchoolGrades25.xlsx,School type code 04; Title I=YES; Alternative/ESE=N; coordinates pending NCES/district GIS pull.
OSCEOLA,OSCEOLA,490181,,OSCEOLA SCIENCE CHARTER SCHOOL,Combination,NO,YES,,NO,,,,,,,https://www.fldoe.org/file/18534/SchoolGrades25.xlsx,School type code 04; Title I=NO; Alternative/ESE=N; coordinates pending NCES/district GIS pull.
OSCEOLA,OSCEOLA,490182,,LINCOLN-MARTI CHARTER SCHOOLS(OSCEOLA CAMPUS),Elementary,NO,YES,,NO,,,,,,,https://www.fldoe.org/file/18534/SchoolGrades25.xlsx,School type code 01; Title I=YES; Alternative/ESE=N; coordinates pending NCES/district GIS pull.
OSCEOLA,OSCEOLA,490183,,SPORTS LEADERSHIP ARTS MANAGEMENT (SLAM),Middle/Junior,NO,YES,,NO,,,,,,,https://www.fldoe.org/file/18534/SchoolGrades25.xlsx,School type code 02; Title I=YES; Alternative/ESE=N; coordinates pending NCES/district GIS pull.
OSCEOLA,OSCEOLA,490184,,BRIDGEPREP ACADEMY OSCEOLA COUNTY,Combination,NO,YES,,NO,,,,,,,https://www.fldoe.org/file/18534/SchoolGrades25.xlsx,School type code 04; Title I=YES; Alternative/ESE=N; coordinates pending NCES/district GIS pull.
OSCEOLA,OSCEOLA,490185,,MATER PALMS ACADEMY,Combination,NO,YES,,NO,,,,,,,https://www.fldoe.org/file/18534/SchoolGrades25.xlsx,School type code 04; Title I=YES; Alternative/ESE=N; coordinates pending NCES/district GIS pull.
OSCEOLA,OSCEOLA,490191,,RENAISSANCE ACADEMY OF ARTS AND SCIENCES,Combination,NO,YES,,NO,,,,,,,https://www.fldoe.org/file/18534/SchoolGrades25.xlsx,School type code 04; Title I=NO; Alternative/ESE=N; coordinates pending NCES/district GIS pull.
OSCEOLA,OSCEOLA,490192,,CREATIVE INSPIRATION JOURNEY SCHOOL OF ST CLOUD,Combination,NO,YES,,NO,,,,,,,https://www.fldoe.org/file/18534/SchoolGrades25.xlsx,School type code 04; Title I=NO; Alternative/ESE=N; coordinates pending NCES/district GIS pull.
OSCEOLA,OSCEOLA,490201,,ST. CLOUD HIGH SCHOOL,Senior High,YES,NO,,NO,,,,,,,https://www.fldoe.org/file/18534/SchoolGrades25.xlsx,School type code 03; Title I=NO; Alternative/ESE=N; coordinates pending NCES/district GIS pull.
OSCEOLA,OSCEOLA,490202,,MATER ACADEMY AT ST CLOUD,Combination,NO,YES,,NO,,,,,,,https://www.fldoe.org/file/18534/SchoolGrades25.xlsx,School type code 04; Title I=YES; Alternative/ESE=N; coordinates pending NCES/district GIS pull.
OSCEOLA,OSCEOLA,490203,,VICTORY CHARTER SCHOOL K-5,Elementary,NO,YES,,NO,,,,,,,https://www.fldoe.org/file/18534/SchoolGrades25.xlsx,School type code 01; Title I=NO; Alternative/ESE=N; coordinates pending NCES/district GIS pull.
OSCEOLA,OSCEOLA,490251,,KISSIMMEE MIDDLE SCHOOL,Middle/Junior,YES,NO,,NO,,,,,,,https://www.fldoe.org/file/18534/SchoolGrades25.xlsx,School type code 02; Title I=YES; Alternative/ESE=N; coordinates pending NCES/district GIS pull.
OSCEOLA,OSCEOLA,490252,,HARMONY MIDDLE SCHOOL,Middle/Junior,YES,NO,,NO,,,,,,,https://www.fldoe.org/file/18534/SchoolGrades25.xlsx,School type code 02; Title I=NO; Alternative/ESE=N; coordinates pending NCES/district GIS pull.
OSCEOLA,OSCEOLA,490271,,MICHIGAN AVENUE ELEMENTARY SCHOOL,Elementary,YES,NO,,NO,,,,,,,https://www.fldoe.org/file/18534/SchoolGrades25.xlsx,School type code 01; Title I=YES; Alternative/ESE=N; coordinates pending NCES/district GIS pull.
OSCEOLA,OSCEOLA,490272,,ST. CLOUD MIDDLE SCHOOL,Middle/Junior,YES,NO,,NO,,,,,,,https://www.fldoe.org/file/18534/SchoolGrades25.xlsx,School type code 02; Title I=NO; Alternative/ESE=N; coordinates pending NCES/district GIS pull.
OSCEOLA,OSCEOLA,490300,,KOA ELEMENTARY SCHOOL,Elementary,YES,NO,,NO,,,,,,,https://www.fldoe.org/file/18534/SchoolGrades25.xlsx,School type code 01; Title I=YES; Alternative/ESE=N; coordinates pending NCES/district GIS pull.
OSCEOLA,OSCEOLA,490301,,REEDY CREEK ELEMENTARY SCHOOL,Elementary,YES,NO,,NO,,,,,,,https://www.fldoe.org/file/18534/SchoolGrades25.xlsx,School type code 01; Title I=YES; Alternative/ESE=N; coordinates pending NCES/district GIS pull.
OSCEOLA,OSCEOLA,490302,,WESTSIDE K-8 SCHOOL,Combination,YES,NO,,NO,,,,,,,https://www.fldoe.org/file/18534/SchoolGrades25.xlsx,School type code 04; Title I=YES; Alternative/ESE=N; coordinates pending NCES/district GIS pull.
OSCEOLA,OSCEOLA,490311,,NEPTUNE MIDDLE SCHOOL,Middle/Junior,YES,NO,,NO,,,,,,,https://www.fldoe.org/file/18534/SchoolGrades25.xlsx,School type code 02; Title I=YES; Alternative/ESE=N; coordinates pending NCES/district GIS pull.
OSCEOLA,OSCEOLA,490321,,VENTURA ELEMENTARY SCHOOL,Elementary,YES,NO,,NO,,,,,,,https://www.fldoe.org/file/18534/SchoolGrades25.xlsx,School type code 01; Title I=YES; Alternative/ESE=N; coordinates pending NCES/district GIS pull.
OSCEOLA,OSCEOLA,490341,,HORIZON MIDDLE SCHOOL,Middle/Junior,YES,NO,,NO,,,,,,,https://www.fldoe.org/file/18534/SchoolGrades25.xlsx,School type code 02; Title I=YES; Alternative/ESE=N; coordinates pending NCES/district GIS pull.
OSCEOLA,OSCEOLA,490401,,BOGGY CREEK ELEMENTARY SCHOOL,Elementary,YES,NO,,NO,,,,,,,https://www.fldoe.org/file/18534/SchoolGrades25.xlsx,School type code 01; Title I=YES; Alternative/ESE=N; coordinates pending NCES/district GIS pull.
OSCEOLA,OSCEOLA,490501,,HICKORY TREE ELEMENTARY SCHOOL,Elementary,YES,NO,,NO,,,,,,,https://www.fldoe.org/file/18534/SchoolGrades25.xlsx,School type code 01; Title I=NO; Alternative/ESE=N; coordinates pending NCES/district GIS pull.
OSCEOLA,OSCEOLA,490601,,GATEWAY HIGH SCHOOL,Senior High,YES,NO,,NO,,,,,,,https://www.fldoe.org/file/18534/SchoolGrades25.xlsx,School type code 03; Title I=YES; Alternative/ESE=N; coordinates pending NCES/district GIS pull.
OSCEOLA,OSCEOLA,490701,,MILL CREEK ELEMENTARY SCHOOL,Elementary,YES,NO,,NO,,,,,,,https://www.fldoe.org/file/18534/SchoolGrades25.xlsx,School type code 01; Title I=YES; Alternative/ESE=N; coordinates pending NCES/district GIS pull.
OSCEOLA,OSCEOLA,490711,,CELEBRATION K-8,Combination,YES,NO,,NO,,,,,,,https://www.fldoe.org/file/18534/SchoolGrades25.xlsx,School type code 04; Title I=NO; Alternative/ESE=N; coordinates pending NCES/district GIS pull.
OSCEOLA,OSCEOLA,490801,,LAKEVIEW ELEMENTARY SCHOOL,Elementary,YES,NO,,NO,,,,,,,https://www.fldoe.org/file/18534/SchoolGrades25.xlsx,School type code 01; Title I=YES; Alternative/ESE=N; coordinates pending NCES/district GIS pull.
OSCEOLA,OSCEOLA,490811,,PLEASANT HILL ELEMENTARY SCHOOL,Elementary,YES,NO,,NO,,,,,,,https://www.fldoe.org/file/18534/SchoolGrades25.xlsx,School type code 01; Title I=YES; Alternative/ESE=N; coordinates pending NCES/district GIS pull.
OSCEOLA,OSCEOLA,490821,,PARKWAY MIDDLE SCHOOL,Middle/Junior,YES,NO,,NO,,,,,,,https://www.fldoe.org/file/18534/SchoolGrades25.xlsx,School type code 02; Title I=YES; Alternative/ESE=N; coordinates pending NCES/district GIS pull.
OSCEOLA,OSCEOLA,490831,,DEERWOOD ELEMENTARY SCHOOL,Elementary,YES,NO,,NO,,,,,,,https://www.fldoe.org/file/18534/SchoolGrades25.xlsx,School type code 01; Title I=YES; Alternative/ESE=N; coordinates pending NCES/district GIS pull.
OSCEOLA,OSCEOLA,490841,,POINCIANA HIGH SCHOOL,Senior High,YES,NO,,NO,,,,,,,https://www.fldoe.org/file/18534/SchoolGrades25.xlsx,School type code 03; Title I=YES; Alternative/ESE=N; coordinates pending NCES/district GIS pull.
OSCEOLA,OSCEOLA,490842,,LIBERTY HIGH SCHOOL,Senior High,YES,NO,,NO,,,,,,,https://www.fldoe.org/file/18534/SchoolGrades25.xlsx,School type code 03; Title I=YES; Alternative/ESE=N; coordinates pending NCES/district GIS pull.
OSCEOLA,OSCEOLA,490851,,CYPRESS ELEMENTARY SCHOOL,Elementary,YES,NO,,NO,,,,,,,https://www.fldoe.org/file/18534/SchoolGrades25.xlsx,School type code 01; Title I=YES; Alternative/ESE=N; coordinates pending NCES/district GIS pull.
OSCEOLA,OSCEOLA,490852,,ACADEMIR PREPARATORY OF CHAMPIONSGATE,Elementary,NO,YES,,NO,,,,,,,https://www.fldoe.org/file/18534/SchoolGrades25.xlsx,School type code 01; Title I=NO; Alternative/ESE=N; coordinates pending NCES/district GIS pull.
OSCEOLA,OSCEOLA,490853,,NEW DIMENSIONS HIGH SCHOOL,Senior High,NO,YES,,NO,,,,,,,https://www.fldoe.org/file/18534/SchoolGrades25.xlsx,School type code 03; Title I=YES; Alternative/ESE=N; coordinates pending NCES/district GIS pull.
OSCEOLA,OSCEOLA,490862,,PROFESSIONAL & TECHNICAL HIGH SCHOOL,Senior High,YES,NO,,NO,,,,,,,https://www.fldoe.org/file/18534/SchoolGrades25.xlsx,School type code 03; Title I=YES; Alternative/ESE=N; coordinates pending NCES/district GIS pull.
OSCEOLA,OSCEOLA,490863,,FOUR CORNERS CHARTER SCHOOL,Elementary,NO,YES,,NO,,,,,,,https://www.fldoe.org/file/18534/SchoolGrades25.xlsx,School type code 01; Title I=YES; Alternative/ESE=N; coordinates pending NCES/district GIS pull.
OSCEOLA,OSCEOLA,490866,,KISSIMMEE CHARTER ACADEMY,Combination,NO,YES,,NO,,,,,,,https://www.fldoe.org/file/18534/SchoolGrades25.xlsx,School type code 04; Title I=YES; Alternative/ESE=N; coordinates pending NCES/district GIS pull.
OSCEOLA,OSCEOLA,490881,,P. M. WELLS CHARTER ACADEMY,Combination,NO,YES,,NO,,,,,,,https://www.fldoe.org/file/18534/SchoolGrades25.xlsx,School type code 04; Title I=YES; Alternative/ESE=N; coordinates pending NCES/district GIS pull.
OSCEOLA,OSCEOLA,490901,,POINCIANA ACADEMY OF FINE ARTS,Elementary,YES,NO,,NO,,,,,,,https://www.fldoe.org/file/18534/SchoolGrades25.xlsx,School type code 01; Title I=YES; Alternative/ESE=N; coordinates pending NCES/district GIS pull.
OSCEOLA,OSCEOLA,490902,,CELEBRATION HIGH SCHOOL,Senior High,YES,NO,,NO,,,,,,,https://www.fldoe.org/file/18534/SchoolGrades25.xlsx,School type code 03; Title I=NO; Alternative/ESE=N; coordinates pending NCES/district GIS pull.
OSCEOLA,OSCEOLA,490903,,ISLAND VILLAGE ELEMENTARY SCHOOL,Elementary,YES,NO,,NO,,,,,,,https://www.fldoe.org/file/18534/SchoolGrades25.xlsx,School type code 01; Title I=YES; Alternative/ESE=N; coordinates pending NCES/district GIS pull.
OSCEOLA,OSCEOLA,490904,,PARTIN SETTLEMENT ELEMENTARY SCHOOL,Elementary,YES,NO,,NO,,,,,,,https://www.fldoe.org/file/18534/SchoolGrades25.xlsx,School type code 01; Title I=YES; Alternative/ESE=N; coordinates pending NCES/district GIS pull.
OSCEOLA,OSCEOLA,490921,,OSCEOLA COUNTY SCHOOL FOR THE ARTS,Combination,YES,NO,,NO,,,,,,,https://www.fldoe.org/file/18534/SchoolGrades25.xlsx,School type code 04; Title I=NO; Alternative/ESE=N; coordinates pending NCES/district GIS pull.
OSCEOLA,OSCEOLA,490922,,HARMONY HIGH SCHOOL,Senior High,YES,NO,,NO,,,,,,,https://www.fldoe.org/file/18534/SchoolGrades25.xlsx,School type code 03; Title I=NO; Alternative/ESE=N; coordinates pending NCES/district GIS pull.
OSCEOLA,OSCEOLA,490931,,FLORA RIDGE ELEMENTARY SCHOOL,Elementary,YES,NO,,NO,,,,,,,https://www.fldoe.org/file/18534/SchoolGrades25.xlsx,School type code 01; Title I=YES; Alternative/ESE=N; coordinates pending NCES/district GIS pull.
OSCEOLA,OSCEOLA,490932,,BELLALAGO CHARTER ACADEMY,Combination,NO,YES,,NO,,,,,,,https://www.fldoe.org/file/18534/SchoolGrades25.xlsx,School type code 04; Title I=YES; Alternative/ESE=N; coordinates pending NCES/district GIS pull.
OSCEOLA,OSCEOLA,490933,,NEPTUNE ELEMENTARY SCHOOL,Elementary,YES,NO,,NO,,,,,,,https://www.fldoe.org/file/18534/SchoolGrades25.xlsx,School type code 01; Title I=YES; Alternative/ESE=N; coordinates pending NCES/district GIS pull.
OSCEOLA,OSCEOLA,490957,,CHESTNUT ELEMENTARY SCHOOL FOR SCIENCE AND ENGINEERING,Elementary,YES,NO,,NO,,,,,,,https://www.fldoe.org/file/18534/SchoolGrades25.xlsx,School type code 01; Title I=YES; Alternative/ESE=N; coordinates pending NCES/district GIS pull.
OSCEOLA,OSCEOLA,490958,,SUNRISE ELEMENTARY SCHOOL,Elementary,YES,NO,,NO,,,,,,,https://www.fldoe.org/file/18534/SchoolGrades25.xlsx,School type code 01; Title I=YES; Alternative/ESE=N; coordinates pending NCES/district GIS pull.
OSCEOLA,OSCEOLA,490961,,EAST LAKE ELEMENTARY SCHOOL,Elementary,YES,NO,,NO,,,,,,,https://www.fldoe.org/file/18534/SchoolGrades25.xlsx,School type code 01; Title I=YES; Alternative/ESE=N; coordinates pending NCES/district GIS pull.
OSCEOLA,OSCEOLA,490962,,NEOCITY ACADEMY,Senior High,YES,NO,,NO,,,,,,,https://www.fldoe.org/file/18534/SchoolGrades25.xlsx,School type code 03; Title I=NO; Alternative/ESE=N; coordinates pending NCES/district GIS pull.
OSCEOLA,OSCEOLA,490971,,MATER BRIGHTON LAKES ACADEMY PREPARATORY HIGH,Senior High,NO,YES,,NO,,,,,,,https://www.fldoe.org/file/18534/SchoolGrades25.xlsx,School type code 03; Title I=YES; Alternative/ESE=N; coordinates pending NCES/district GIS pull.
OSCEOLA,OSCEOLA,490991,,CANOE CREEK K-8,Combination,YES,NO,,NO,,,,,,,https://www.fldoe.org/file/18534/SchoolGrades25.xlsx,School type code 04; Title I=NO; Alternative/ESE=N; coordinates pending NCES/district GIS pull.
OSCEOLA,OSCEOLA,492941,,KNIGHTS POINT K-8,Combination,YES,NO,,NO,,,,,,,https://www.fldoe.org/file/18534/SchoolGrades25.xlsx,School type code 04; Title I=NO; Alternative/ESE=N; coordinates pending NCES/district GIS pull.
OSCEOLA,OSCEOLA,492942,,VOYAGER K-8,Combination,YES,NO,,NO,,,,,,,https://www.fldoe.org/file/18534/SchoolGrades25.xlsx,School type code 04; Title I=NO; Alternative/ESE=N; coordinates pending NCES/district GIS pull.
OSCEOLA,OSCEOLA,497004,,OSCEOLA VIRTUAL FRANCHISE (SECONDARY),Combination,YES,NO,,NO,,,,,,,https://www.fldoe.org/file/18534/SchoolGrades25.xlsx,School type code 04; Title I=NO; Alternative/ESE=N; coordinates pending NCES/district GIS pull.
OSCEOLA,OSCEOLA,497030,,VIRTUAL PREPARATORY ACADEMY OF FLORIDA,Combination,NO,YES,,NO,,,,,,,https://www.fldoe.org/file/18534/SchoolGrades25.xlsx,School type code 04; Title I=NO; Alternative/ESE=N; coordinates pending NCES/district GIS pull.
POLK,POLK,530031,,LAKELAND SENIOR HIGH SCHOOL,Senior High,YES,NO,,NO,,,,,,,https://www.fldoe.org/file/18534/SchoolGrades25.xlsx,School type code 03; Title I=YES; Alternative/ESE=N; coordinates pending NCES/district GIS pull.
POLK,POLK,530043,,LAWTON CHILES MIDDLE ACADEMY,Middle/Junior,YES,NO,,NO,,,,,,,https://www.fldoe.org/file/18534/SchoolGrades25.xlsx,School type code 02; Title I=NO; Alternative/ESE=N; coordinates pending NCES/district GIS pull.
POLK,POLK,530051,,SOUTHWEST MIDDLE SCHOOL,Middle/Junior,YES,NO,,NO,,,,,,,https://www.fldoe.org/file/18534/SchoolGrades25.xlsx,School type code 02; Title I=YES; Alternative/ESE=N; coordinates pending NCES/district GIS pull.
POLK,POLK,530061,,CARLTON PALMORE ELEMENTARY SCHOOL,Elementary,YES,NO,,NO,,,,,,,https://www.fldoe.org/file/18534/SchoolGrades25.xlsx,School type code 01; Title I=YES; Alternative/ESE=N; coordinates pending NCES/district GIS pull.
POLK,POLK,530081,,CLEVELAND COURT ELEMENTARY SCHOOL,Elementary,YES,NO,,NO,,,,,,,https://www.fldoe.org/file/18534/SchoolGrades25.xlsx,School type code 01; Title I=YES; Alternative/ESE=N; coordinates pending NCES/district GIS pull.
POLK,POLK,530091,,COMBEE ACADEMY OF DESIGN AND ENGINEERING,Elementary,YES,NO,,NO,,,,,,,https://www.fldoe.org/file/18534/SchoolGrades25.xlsx,School type code 01; Title I=YES; Alternative/ESE=N; coordinates pending NCES/district GIS pull.
POLK,POLK,530101,,CRYSTAL LAKE ELEMENTARY SCHOOL,Elementary,YES,NO,,NO,,,,,,,https://www.fldoe.org/file/18534/SchoolGrades25.xlsx,School type code 01; Title I=YES; Alternative/ESE=N; coordinates pending NCES/district GIS pull.
POLK,POLK,530131,,DIXIELAND ELEMENTARY SCHOOL,Elementary,YES,NO,,NO,,,,,,,https://www.fldoe.org/file/18534/SchoolGrades25.xlsx,School type code 01; Title I=YES; Alternative/ESE=N; coordinates pending NCES/district GIS pull.
POLK,POLK,530141,,SOUTH POINTE ELEMENTARY,Elementary,YES,NO,,NO,,,,,,,https://www.fldoe.org/file/18534/SchoolGrades25.xlsx,School type code 01; Title I=YES; Alternative/ESE=N; coordinates pending NCES/district GIS pull.
POLK,POLK,530151,,PHILIP O'BRIEN ELEMENTARY SCHOOL,Elementary,YES,NO,,NO,,,,,,,https://www.fldoe.org/file/18534/SchoolGrades25.xlsx,School type code 01; Title I=YES; Alternative/ESE=N; coordinates pending NCES/district GIS pull.
POLK,POLK,530181,,MEDULLA ELEMENTARY SCHOOL,Elementary,YES,NO,,NO,,,,,,,https://www.fldoe.org/file/18534/SchoolGrades25.xlsx,School type code 01; Title I=YES; Alternative/ESE=N; coordinates pending NCES/district GIS pull.
POLK,POLK,530191,,R. BRUCE WAGNER ELEMENTARY SCHOOL,Elementary,YES,NO,,NO,,,,,,,https://www.fldoe.org/file/18534/SchoolGrades25.xlsx,School type code 01; Title I=YES; Alternative/ESE=N; coordinates pending NCES/district GIS pull.
POLK,POLK,530201,,NORTH LAKELAND ELEMENTARY SCHOOL OF CHOICE,Elementary,YES,NO,,NO,,,,,,,https://www.fldoe.org/file/18534/SchoolGrades25.xlsx,School type code 01; Title I=YES; Alternative/ESE=N; coordinates pending NCES/district GIS pull.
POLK,POLK,530231,,SOUTHWEST ELEMENTARY SCHOOL,Elementary,YES,NO,,NO,,,,,,,https://www.fldoe.org/file/18534/SchoolGrades25.xlsx,School type code 01; Title I=YES; Alternative/ESE=N; coordinates pending NCES/district GIS pull.
POLK,POLK,530251,,LINCOLN AVENUE ACADEMY,Elementary,YES,NO,,NO,,,,,,,https://www.fldoe.org/file/18534/SchoolGrades25.xlsx,School type code 01; Title I=NO; Alternative/ESE=N; coordinates pending NCES/district GIS pull.
POLK,POLK,530261,,ROCHELLE SCHOOL OF THE ARTS,Combination,YES,NO,,NO,,,,,,,https://www.fldoe.org/file/18534/SchoolGrades25.xlsx,School type code 04; Title I=YES; Alternative/ESE=N; coordinates pending NCES/district GIS pull.
POLK,POLK,530311,,DANIEL JENKINS ACADEMY OF TECHNOLOGY MIDDLE SCHOOL,Middle/Junior,YES,NO,,NO,,,,,,,https://www.fldoe.org/file/18534/SchoolGrades25.xlsx,School type code 02; Title I=YES; Alternative/ESE=N; coordinates pending NCES/district GIS pull.
POLK,POLK,530321,,SHELLEY S. BOONE MIDDLE SCHOOL,Middle/Junior,YES,NO,,NO,,,,,,,https://www.fldoe.org/file/18534/SchoolGrades25.xlsx,School type code 02; Title I=YES; Alternative/ESE=N; coordinates pending NCES/district GIS pull.
POLK,POLK,530331,,ALTA VISTA ELEMENTARY SCHOOL,Elementary,YES,NO,,NO,,,,,,,https://www.fldoe.org/file/18534/SchoolGrades25.xlsx,School type code 01; Title I=YES; Alternative/ESE=N; coordinates pending NCES/district GIS pull.
POLK,POLK,530341,,SANDHILL ELEMENTARY SCHOOL,Elementary,YES,NO,,NO,,,,,,,https://www.fldoe.org/file/18534/SchoolGrades25.xlsx,School type code 01; Title I=YES; Alternative/ESE=N; coordinates pending NCES/district GIS pull.
POLK,POLK,530361,,EASTSIDE ELEMENTARY SCHOOL,Elementary,YES,NO,,NO,,,,,,,https://www.fldoe.org/file/18534/SchoolGrades25.xlsx,School type code 01; Title I=YES; Alternative/ESE=N; coordinates pending NCES/district GIS pull.
POLK,POLK,530391,,BETHUNE ACADEMY,Elementary,YES,NO,,NO,,,,,,,https://www.fldoe.org/file/18534/SchoolGrades25.xlsx,School type code 01; Title I=YES; Alternative/ESE=N; coordinates pending NCES/district GIS pull.
POLK,POLK,530401,,DAVENPORT SCHOOL OF THE ARTS,Combination,YES,NO,,NO,,,,,,,https://www.fldoe.org/file/18534/SchoolGrades25.xlsx,School type code 04; Title I=YES; Alternative/ESE=N; coordinates pending NCES/district GIS pull.
POLK,POLK,530441,,RIDGEVIEW GLOBAL STUDIES ACADEMY,Combination,NO,YES,,NO,,,,,,,https://www.fldoe.org/file/18534/SchoolGrades25.xlsx,School type code 04; Title I=YES; Alternative/ESE=N; coordinates pending NCES/district GIS pull.
POLK,POLK,530481,,WINTER HAVEN SENIOR HIGH SCHOOL,Senior High,YES,NO,,NO,,,,,,,https://www.fldoe.org/file/18534/SchoolGrades25.xlsx,School type code 03; Title I=YES; Alternative/ESE=N; coordinates pending NCES/district GIS pull.
POLK,POLK,530491,,DENISON MIDDLE SCHOOL,Middle/Junior,YES,NO,,NO,,,,,,,https://www.fldoe.org/file/18534/SchoolGrades25.xlsx,School type code 02; Title I=YES; Alternative/ESE=N; coordinates pending NCES/district GIS pull.
POLK,POLK,530531,,FRANK E. BRIGHAM ACADEMY,Elementary,YES,NO,,NO,,,,,,,https://www.fldoe.org/file/18534/SchoolGrades25.xlsx,School type code 01; Title I=YES; Alternative/ESE=N; coordinates pending NCES/district GIS pull.
POLK,POLK,530571,,WESTWOOD MIDDLE SCHOOL,Middle/Junior,YES,NO,,NO,,,,,,,https://www.fldoe.org/file/18534/SchoolGrades25.xlsx,School type code 02; Title I=YES; Alternative/ESE=N; coordinates pending NCES/district GIS pull.
POLK,POLK,530591,,ELBERT ELEMENTARY SCHOOL,Elementary,YES,NO,,NO,,,,,,,https://www.fldoe.org/file/18534/SchoolGrades25.xlsx,School type code 01; Title I=YES; Alternative/ESE=N; coordinates pending NCES/district GIS pull.
POLK,POLK,530601,,FRED G. GARNER ACADEMY,Elementary,YES,NO,,NO,,,,,,,https://www.fldoe.org/file/18534/SchoolGrades25.xlsx,School type code 01; Title I=YES; Alternative/ESE=N; coordinates pending NCES/district GIS pull.
POLK,POLK,530611,,INWOOD ELEMENTARY SCHOOL,Elementary,YES,NO,,NO,,,,,,,https://www.fldoe.org/file/18534/SchoolGrades25.xlsx,School type code 01; Title I=YES; Alternative/ESE=N; coordinates pending NCES/district GIS pull.
POLK,POLK,530621,,LAKE SHIPP ELEMENTARY SCHOOL,Elementary,YES,NO,,NO,,,,,,,https://www.fldoe.org/file/18534/SchoolGrades25.xlsx,School type code 01; Title I=YES; Alternative/ESE=N; coordinates pending NCES/district GIS pull.
POLK,POLK,530631,,JOHN SNIVELY ELEMENTARY,Elementary,YES,NO,,NO,,,,,,,https://www.fldoe.org/file/18534/SchoolGrades25.xlsx,School type code 01; Title I=YES; Alternative/ESE=N; coordinates pending NCES/district GIS pull.
POLK,POLK,530651,,LAKE ALFRED ELEMENTARY SCHOOL,Elementary,YES,NO,,NO,,,,,,,https://www.fldoe.org/file/18534/SchoolGrades25.xlsx,School type code 01; Title I=YES; Alternative/ESE=N; coordinates pending NCES/district GIS pull.
POLK,POLK,530681,,WAHNETA ELEMENTARY SCHOOL,Elementary,YES,NO,,NO,,,,,,,https://www.fldoe.org/file/18534/SchoolGrades25.xlsx,School type code 01; Title I=YES; Alternative/ESE=N; coordinates pending NCES/district GIS pull.
POLK,POLK,530711,,JEWETT MIDDLE ACADEMY MAGNET,Middle/Junior,YES,NO,,NO,,,,,,,https://www.fldoe.org/file/18534/SchoolGrades25.xlsx,School type code 02; Title I=YES; Alternative/ESE=N; coordinates pending NCES/district GIS pull.
POLK,POLK,530712,,JEWETT SCHOOL OF THE ARTS,Combination,YES,NO,,NO,,,,,,,https://www.fldoe.org/file/18534/SchoolGrades25.xlsx,School type code 04; Title I=YES; Alternative/ESE=N; coordinates pending NCES/district GIS pull.
POLK,POLK,530791,,FORT MEADE MIDDLE/SENIOR HIGH SCHOOL,Combination,YES,NO,,NO,,,,,,,https://www.fldoe.org/file/18534/SchoolGrades25.xlsx,School type code 04; Title I=YES; Alternative/ESE=N; coordinates pending NCES/district GIS pull.
POLK,POLK,530802,,LEWIS ANNA WOODBURY ELEMENTARY SCHOOL,Elementary,YES,NO,,NO,,,,,,,https://www.fldoe.org/file/18534/SchoolGrades25.xlsx,School type code 01; Title I=YES; Alternative/ESE=N; coordinates pending NCES/district GIS pull.
POLK,POLK,530811,,AUBURNDALE SENIOR HIGH SCHOOL,Senior High,YES,NO,,NO,,,,,,,https://www.fldoe.org/file/18534/SchoolGrades25.xlsx,School type code 03; Title I=YES; Alternative/ESE=N; coordinates pending NCES/district GIS pull.
POLK,POLK,530821,,JERE L. STAMBAUGH MIDDLE,Middle/Junior,YES,NO,,NO,,,,,,,https://www.fldoe.org/file/18534/SchoolGrades25.xlsx,School type code 02; Title I=YES; Alternative/ESE=N; coordinates pending NCES/district GIS pull.
POLK,POLK,530841,,LENA VISTA ELEMENTARY SCHOOL,Elementary,YES,NO,,NO,,,,,,,https://www.fldoe.org/file/18534/SchoolGrades25.xlsx,School type code 01; Title I=YES; Alternative/ESE=N; coordinates pending NCES/district GIS pull.
POLK,POLK,530851,,AUBURNDALE CENTRAL ELEMENTARY SCHOOL,Elementary,YES,NO,,NO,,,,,,,https://www.fldoe.org/file/18534/SchoolGrades25.xlsx,School type code 01; Title I=YES; Alternative/ESE=N; coordinates pending NCES/district GIS pull.
POLK,POLK,530861,,WALTER CALDWELL ELEMENTARY SCHOOL,Elementary,YES,NO,,NO,,,,,,,https://www.fldoe.org/file/18534/SchoolGrades25.xlsx,School type code 01; Title I=YES; Alternative/ESE=N; coordinates pending NCES/district GIS pull.
POLK,POLK,530881,,POLK CITY ELEMENTARY SCHOOL,Elementary,YES,NO,,NO,,,,,,,https://www.fldoe.org/file/18534/SchoolGrades25.xlsx,School type code 01; Title I=YES; Alternative/ESE=N; coordinates pending NCES/district GIS pull.
POLK,POLK,530901,,BARTOW SENIOR HIGH SCHOOL,Senior High,YES,NO,,NO,,,,,,,https://www.fldoe.org/file/18534/SchoolGrades25.xlsx,School type code 03; Title I=YES; Alternative/ESE=N; coordinates pending NCES/district GIS pull.
POLK,POLK,530925,,DAVENPORT ELEMENTARY,Elementary,YES,NO,,NO,,,,,,,https://www.fldoe.org/file/18534/SchoolGrades25.xlsx,School type code 01; Title I=YES; Alternative/ESE=N; coordinates pending NCES/district GIS pull.
POLK,POLK,530931,,BARTOW MIDDLE SCHOOL,Middle/Junior,YES,NO,,NO,,,,,,,https://www.fldoe.org/file/18534/SchoolGrades25.xlsx,School type code 02; Title I=YES; Alternative/ESE=N; coordinates pending NCES/district GIS pull.
POLK,POLK,530933,,CHAIN OF LAKES ELEMENTARY SCHOOL,Elementary,YES,NO,,NO,,,,,,,https://www.fldoe.org/file/18534/SchoolGrades25.xlsx,School type code 01; Title I=YES; Alternative/ESE=N; coordinates pending NCES/district GIS pull.
POLK,POLK,530937,,RIDGE COMMUNITY HIGH SCHOOL,Senior High,YES,NO,,NO,,,,,,,https://www.fldoe.org/file/18534/SchoolGrades25.xlsx,School type code 03; Title I=YES; Alternative/ESE=N; coordinates pending NCES/district GIS pull.
POLK,POLK,530941,,BARTOW ELEMENTARY ACADEMY,Elementary,YES,NO,,NO,,,,,,,https://www.fldoe.org/file/18534/SchoolGrades25.xlsx,School type code 01; Title I=YES; Alternative/ESE=N; coordinates pending NCES/district GIS pull.
POLK,POLK,530961,,FLORAL AVENUE ELEMENTARY SCHOOL,Elementary,YES,NO,,NO,,,,,,,https://www.fldoe.org/file/18534/SchoolGrades25.xlsx,School type code 01; Title I=YES; Alternative/ESE=N; coordinates pending NCES/district GIS pull.
POLK,POLK,530971,,UNION ACADEMY,Middle/Junior,YES,NO,,NO,,,,,,,https://www.fldoe.org/file/18534/SchoolGrades25.xlsx,School type code 02; Title I=NO; Alternative/ESE=N; coordinates pending NCES/district GIS pull.
POLK,POLK,531032,,CITRUS RIDGE A CIVICS ACADEMY,Combination,YES,NO,,NO,,,,,,,https://www.fldoe.org/file/18534/SchoolGrades25.xlsx,School type code 04; Title I=YES; Alternative/ESE=N; coordinates pending NCES/district GIS pull.
POLK,POLK,531041,,ALTURAS ELEMENTARY SCHOOL,Elementary,YES,NO,,NO,,,,,,,https://www.fldoe.org/file/18534/SchoolGrades25.xlsx,School type code 01; Title I=YES; Alternative/ESE=N; coordinates pending NCES/district GIS pull.
POLK,POLK,531051,,TENOROC HIGH SCHOOL,Senior High,YES,NO,,NO,,,,,,,https://www.fldoe.org/file/18534/SchoolGrades25.xlsx,School type code 03; Title I=YES; Alternative/ESE=N; coordinates pending NCES/district GIS pull.
POLK,POLK,531061,,HIGHLAND CITY ELEMENTARY SCHOOL,Elementary,YES,NO,,NO,,,,,,,https://www.fldoe.org/file/18534/SchoolGrades25.xlsx,School type code 01; Title I=YES; Alternative/ESE=N; coordinates pending NCES/district GIS pull.
POLK,POLK,531131,,MULBERRY SENIOR HIGH SCHOOL,Senior High,YES,NO,,NO,,,,,,,https://www.fldoe.org/file/18534/SchoolGrades25.xlsx,School type code 03; Title I=YES; Alternative/ESE=N; coordinates pending NCES/district GIS pull.
POLK,POLK,531141,,PURCELL ELEMENTARY SCHOOL,Elementary,YES,NO,,NO,,,,,,,https://www.fldoe.org/file/18534/SchoolGrades25.xlsx,School type code 01; Title I=YES; Alternative/ESE=N; coordinates pending NCES/district GIS pull.
POLK,POLK,531161,,MULBERRY MIDDLE SCHOOL,Middle/Junior,YES,NO,,NO,,,,,,,https://www.fldoe.org/file/18534/SchoolGrades25.xlsx,School type code 02; Title I=YES; Alternative/ESE=N; coordinates pending NCES/district GIS pull.
POLK,POLK,531181,,KATHLEEN SENIOR HIGH SCHOOL,Senior High,YES,NO,,NO,,,,,,,https://www.fldoe.org/file/18534/SchoolGrades25.xlsx,School type code 03; Title I=YES; Alternative/ESE=N; coordinates pending NCES/district GIS pull.
POLK,POLK,531191,,KATHLEEN MIDDLE SCHOOL,Middle/Junior,YES,NO,,NO,,,,,,,https://www.fldoe.org/file/18534/SchoolGrades25.xlsx,School type code 02; Title I=YES; Alternative/ESE=N; coordinates pending NCES/district GIS pull.
POLK,POLK,531221,,KATHLEEN ELEMENTARY SCHOOL,Elementary,YES,NO,,NO,,,,,,,https://www.fldoe.org/file/18534/SchoolGrades25.xlsx,School type code 01; Title I=YES; Alternative/ESE=N; coordinates pending NCES/district GIS pull.
POLK,POLK,531231,,GRIFFIN ELEMENTARY SCHOOL,Elementary,YES,NO,,NO,,,,,,,https://www.fldoe.org/file/18534/SchoolGrades25.xlsx,School type code 01; Title I=YES; Alternative/ESE=N; coordinates pending NCES/district GIS pull.
POLK,POLK,531241,,JESSE KEEN ELEMENTARY SCHOOL,Elementary,YES,NO,,NO,,,,,,,https://www.fldoe.org/file/18534/SchoolGrades25.xlsx,School type code 01; Title I=YES; Alternative/ESE=N; coordinates pending NCES/district GIS pull.
POLK,POLK,531251,,WINSTON ACADEMY OF ENGINEERING,Elementary,YES,NO,,NO,,,,,,,https://www.fldoe.org/file/18534/SchoolGrades25.xlsx,School type code 01; Title I=YES; Alternative/ESE=N; coordinates pending NCES/district GIS pull.
POLK,POLK,531271,,SLEEPY HILL ELEMENTARY SCHOOL,Elementary,YES,NO,,NO,,,,,,,https://www.fldoe.org/file/18534/SchoolGrades25.xlsx,School type code 01; Title I=YES; Alternative/ESE=N; coordinates pending NCES/district GIS pull.
POLK,POLK,531281,,HIGHLANDS GROVE ELEMENTARY SCHOOL,Elementary,YES,NO,,NO,,,,,,,https://www.fldoe.org/file/18534/SchoolGrades25.xlsx,School type code 01; Title I=YES; Alternative/ESE=N; coordinates pending NCES/district GIS pull.
POLK,POLK,531341,,MCLAUGHLIN ACADEMY OF EXCELLENCE,Combination,YES,NO,,NO,,,,,,,https://www.fldoe.org/file/18534/SchoolGrades25.xlsx,School type code 04; Title I=YES; Alternative/ESE=N; coordinates pending NCES/district GIS pull.
POLK,POLK,531351,,POLK AVENUE ELEMENTARY SCHOOL,Elementary,NO,YES,,NO,,,,,,,https://www.fldoe.org/file/18534/SchoolGrades25.xlsx,School type code 01; Title I=YES; Alternative/ESE=N; coordinates pending NCES/district GIS pull.
POLK,POLK,531361,,HILLCREST ELEMENTARY SCHOOL,Elementary,NO,YES,,NO,,,,,,,https://www.fldoe.org/file/18534/SchoolGrades25.xlsx,School type code 01; Title I=YES; Alternative/ESE=N; coordinates pending NCES/district GIS pull.
POLK,POLK,531362,,HORIZONS ELEMENTARY SCHOOL,Elementary,YES,NO,,NO,,,,,,,https://www.fldoe.org/file/18534/SchoolGrades25.xlsx,School type code 01; Title I=YES; Alternative/ESE=N; coordinates pending NCES/district GIS pull.
POLK,POLK,531371,,SPOOK HILL ELEMENTARY SCHOOL,Elementary,YES,NO,,NO,,,,,,,https://www.fldoe.org/file/18534/SchoolGrades25.xlsx,School type code 01; Title I=YES; Alternative/ESE=N; coordinates pending NCES/district GIS pull.
POLK,POLK,531401,,JANIE HOWARD WILSON SCHOOL,Elementary,NO,YES,,NO,,,,,,,https://www.fldoe.org/file/18534/SchoolGrades25.xlsx,School type code 01; Title I=YES; Alternative/ESE=N; coordinates pending NCES/district GIS pull.
POLK,POLK,531421,,DALE R FAIR BABSON PARK ELEMENTARY,Elementary,NO,YES,,NO,,,,,,,https://www.fldoe.org/file/18534/SchoolGrades25.xlsx,School type code 01; Title I=YES; Alternative/ESE=N; coordinates pending NCES/district GIS pull.
POLK,POLK,531441,,WILLOW OAK SCHOOL,Elementary,YES,NO,,NO,,,,,,,https://www.fldoe.org/file/18534/SchoolGrades25.xlsx,School type code 01; Title I=YES; Alternative/ESE=N; coordinates pending NCES/district GIS pull.
POLK,POLK,531451,,EDGAR L. PADGETT ELEMENTARY,Elementary,YES,NO,,NO,,,,,,,https://www.fldoe.org/file/18534/SchoolGrades25.xlsx,School type code 01; Title I=YES; Alternative/ESE=N; coordinates pending NCES/district GIS pull.
POLK,POLK,531501,,CRYSTAL LAKE MIDDLE SCHOOL,Middle/Junior,YES,NO,,NO,,,,,,,https://www.fldoe.org/file/18534/SchoolGrades25.xlsx,School type code 02; Title I=YES; Alternative/ESE=N; coordinates pending NCES/district GIS pull.
POLK,POLK,531521,,OSCAR J. POPE ELEMENTARY SCHOOL,Elementary,YES,NO,,NO,,,,,,,https://www.fldoe.org/file/18534/SchoolGrades25.xlsx,School type code 01; Title I=YES; Alternative/ESE=N; coordinates pending NCES/district GIS pull.
POLK,POLK,531601,,BOK ACADEMY,Middle/Junior,NO,YES,,NO,,,,,,,https://www.fldoe.org/file/18534/SchoolGrades25.xlsx,School type code 02; Title I=YES; Alternative/ESE=N; coordinates pending NCES/district GIS pull.
POLK,POLK,531611,,LAUREL ELEMENTARY SCHOOL,Elementary,YES,NO,,NO,,,,,,,https://www.fldoe.org/file/18534/SchoolGrades25.xlsx,School type code 01; Title I=YES; Alternative/ESE=N; coordinates pending NCES/district GIS pull.
POLK,POLK,531621,,EDWARD W BOK ACADEMY NORTH,Middle/Junior,NO,YES,,NO,,,,,,,https://www.fldoe.org/file/18534/SchoolGrades25.xlsx,School type code 02; Title I=YES; Alternative/ESE=N; coordinates pending NCES/district GIS pull.
POLK,POLK,531662,,LAKE ALFRED POLYTECH ACADEMY,Middle/Junior,YES,NO,,NO,,,,,,,https://www.fldoe.org/file/18534/SchoolGrades25.xlsx,School type code 02; Title I=YES; Alternative/ESE=N; coordinates pending NCES/district GIS pull.
POLK,POLK,531671,,MCKEEL ACADEMY OF TECHNOLOGY,Combination,NO,YES,,NO,,,,,,,https://www.fldoe.org/file/18534/SchoolGrades25.xlsx,School type code 04; Title I=NO; Alternative/ESE=N; coordinates pending NCES/district GIS pull.
POLK,POLK,531681,,SCOTT LAKE ELEMENTARY SCHOOL,Elementary,YES,NO,,NO,,,,,,,https://www.fldoe.org/file/18534/SchoolGrades25.xlsx,School type code 01; Title I=YES; Alternative/ESE=N; coordinates pending NCES/district GIS pull.
POLK,POLK,531682,,MCKEEL ACADEMY CENTRAL,Elementary,NO,YES,,NO,,,,,,,https://www.fldoe.org/file/18534/SchoolGrades25.xlsx,School type code 01; Title I=NO; Alternative/ESE=N; coordinates pending NCES/district GIS pull.
POLK,POLK,531692,,SOUTH MCKEEL ACADEMY,Elementary,NO,YES,,NO,,,,,,,https://www.fldoe.org/file/18534/SchoolGrades25.xlsx,School type code 01; Title I=NO; Alternative/ESE=N; coordinates pending NCES/district GIS pull.
POLK,POLK,531701,,EAGLE LAKE ELEMENTARY SCHOOL,Elementary,YES,NO,,NO,,,,,,,https://www.fldoe.org/file/18534/SchoolGrades25.xlsx,School type code 01; Title I=YES; Alternative/ESE=N; coordinates pending NCES/district GIS pull.
POLK,POLK,531702,,PALMETTO ELEMENTARY SCHOOL,Elementary,YES,NO,,NO,,,,,,,https://www.fldoe.org/file/18534/SchoolGrades25.xlsx,School type code 01; Title I=YES; Alternative/ESE=N; coordinates pending NCES/district GIS pull.
POLK,POLK,531711,,GARDEN GROVE ELEMENTARY SCHOOL,Elementary,YES,NO,,NO,,,,,,,https://www.fldoe.org/file/18534/SchoolGrades25.xlsx,School type code 01; Title I=YES; Alternative/ESE=N; coordinates pending NCES/district GIS pull.
POLK,POLK,531721,,LAKE WALES SENIOR HIGH SCHOOL,Senior High,NO,YES,,NO,,,,,,,https://www.fldoe.org/file/18534/SchoolGrades25.xlsx,School type code 03; Title I=YES; Alternative/ESE=N; coordinates pending NCES/district GIS pull.
POLK,POLK,531731,,PINEWOOD ELEMENTARY SCHOOL,Elementary,YES,NO,,NO,,,,,,,https://www.fldoe.org/file/18534/SchoolGrades25.xlsx,School type code 01; Title I=YES; Alternative/ESE=N; coordinates pending NCES/district GIS pull.
POLK,POLK,531751,,JAMES E. STEPHENS ACADEMY,Elementary,YES,NO,,NO,,,,,,,https://www.fldoe.org/file/18534/SchoolGrades25.xlsx,School type code 01; Title I=YES; Alternative/ESE=N; coordinates pending NCES/district GIS pull.
POLK,POLK,531761,,LAKE GIBSON MIDDLE SCHOOL,Middle/Junior,YES,NO,,NO,,,,,,,https://www.fldoe.org/file/18534/SchoolGrades25.xlsx,School type code 02; Title I=YES; Alternative/ESE=N; coordinates pending NCES/district GIS pull.
POLK,POLK,531762,,LAKE GIBSON SENIOR HIGH SCHOOL,Senior High,YES,NO,,NO,,,,,,,https://www.fldoe.org/file/18534/SchoolGrades25.xlsx,School type code 03; Title I=YES; Alternative/ESE=N; coordinates pending NCES/district GIS pull.
POLK,POLK,531771,,LAKELAND HIGHLANDS MIDDLE SCHOOL,Middle/Junior,YES,NO,,NO,,,,,,,https://www.fldoe.org/file/18534/SchoolGrades25.xlsx,School type code 02; Title I=YES; Alternative/ESE=N; coordinates pending NCES/district GIS pull.
POLK,POLK,531781,,DUNDEE ELEMENTARY ACADEMY,Elementary,YES,NO,,NO,,,,,,,https://www.fldoe.org/file/18534/SchoolGrades25.xlsx,School type code 01; Title I=YES; Alternative/ESE=N; coordinates pending NCES/district GIS pull.
POLK,POLK,531791,,HAINES CITY SENIOR HIGH SCHOOL,Senior High,YES,NO,,NO,,,,,,,https://www.fldoe.org/file/18534/SchoolGrades25.xlsx,School type code 03; Title I=YES; Alternative/ESE=N; coordinates pending NCES/district GIS pull.
POLK,POLK,531801,,FROSTPROOF MIDDLE/SENIOR HIGH,Combination,YES,NO,,NO,,,,,,,https://www.fldoe.org/file/18534/SchoolGrades25.xlsx,School type code 04; Title I=YES; Alternative/ESE=N; coordinates pending NCES/district GIS pull.
POLK,POLK,531811,,CLARENCE BOSWELL ELEMENTARY SCHOOL,Elementary,YES,NO,,NO,,,,,,,https://www.fldoe.org/file/18534/SchoolGrades25.xlsx,School type code 01; Title I=YES; Alternative/ESE=N; coordinates pending NCES/district GIS pull.
POLK,POLK,531821,,JAMES W. SIKES ELEMENTARY SCHOOL,Elementary,YES,NO,,NO,,,,,,,https://www.fldoe.org/file/18534/SchoolGrades25.xlsx,School type code 01; Title I=YES; Alternative/ESE=N; coordinates pending NCES/district GIS pull.
POLK,POLK,531831,,LAKE MARION CREEK MIDDLE SCHOOL,Middle/Junior,YES,NO,,NO,,,,,,,https://www.fldoe.org/file/18534/SchoolGrades25.xlsx,School type code 02; Title I=YES; Alternative/ESE=N; coordinates pending NCES/district GIS pull.
POLK,POLK,531841,,R. CLEM CHURCHWELL ELEMENTARY SCHOOL,Elementary,YES,NO,,NO,,,,,,,https://www.fldoe.org/file/18534/SchoolGrades25.xlsx,School type code 01; Title I=YES; Alternative/ESE=N; coordinates pending NCES/district GIS pull.
POLK,POLK,531851,,DR. NE ROBERTS ELEMENTARY SCHOOL,Elementary,YES,NO,,NO,,,,,,,https://www.fldoe.org/file/18534/SchoolGrades25.xlsx,School type code 01; Title I=YES; Alternative/ESE=N; coordinates pending NCES/district GIS pull.
POLK,POLK,531861,,ROSABELLE W. BLAKE ACADEMY,Combination,YES,NO,,NO,,,,,,,https://www.fldoe.org/file/18534/SchoolGrades25.xlsx,School type code 04; Title I=YES; Alternative/ESE=N; coordinates pending NCES/district GIS pull.
POLK,POLK,531881,,WENDELL WATSON ELEMENTARY SCHOOL,Elementary,YES,NO,,NO,,,,,,,https://www.fldoe.org/file/18534/SchoolGrades25.xlsx,School type code 01; Title I=YES; Alternative/ESE=N; coordinates pending NCES/district GIS pull.
POLK,POLK,531891,,VALLEYVIEW ELEMENTARY SCHOOL,Elementary,YES,NO,,NO,,,,,,,https://www.fldoe.org/file/18534/SchoolGrades25.xlsx,School type code 01; Title I=NO; Alternative/ESE=N; coordinates pending NCES/district GIS pull.
POLK,POLK,531901,,SOCRUM ELEMENTARY SCHOOL,Elementary,YES,NO,,NO,,,,,,,https://www.fldoe.org/file/18534/SchoolGrades25.xlsx,School type code 01; Title I=YES; Alternative/ESE=N; coordinates pending NCES/district GIS pull.
POLK,POLK,531908,,SPESSARD L HOLLAND ELEMENTARY,Elementary,YES,NO,,NO,,,,,,,https://www.fldoe.org/file/18534/SchoolGrades25.xlsx,School type code 01; Title I=YES; Alternative/ESE=N; coordinates pending NCES/district GIS pull.
POLK,POLK,531921,,"FROSTPROOF BEN HILL GRIFFIN, JR ELEMENTARY SCHOOL",Elementary,YES,NO,,NO,,,,,,,https://www.fldoe.org/file/18534/SchoolGrades25.xlsx,School type code 01; Title I=YES; Alternative/ESE=N; coordinates pending NCES/district GIS pull.
POLK,POLK,531931,,GEORGE W. JENKINS SENIOR HIGH,Senior High,YES,NO,,NO,,,,,,,https://www.fldoe.org/file/18534/SchoolGrades25.xlsx,School type code 03; Title I=NO; Alternative/ESE=N; coordinates pending NCES/district GIS pull.
POLK,POLK,531941,,LOUGHMAN OAKS ELEMENTARY SCHOOL,Elementary,YES,NO,,NO,,,,,,,https://www.fldoe.org/file/18534/SchoolGrades25.xlsx,School type code 01; Title I=YES; Alternative/ESE=N; coordinates pending NCES/district GIS pull.
POLK,POLK,531951,,BERKLEY ELEMENTARY SCHOOL,Elementary,NO,YES,,NO,,,,,,,https://www.fldoe.org/file/18534/SchoolGrades25.xlsx,School type code 01; Title I=NO; Alternative/ESE=N; coordinates pending NCES/district GIS pull.
POLK,POLK,531961,,DISCOVERY ACADEMY OF LAKE ALFRED,Middle/Junior,NO,YES,,NO,,,,,,,https://www.fldoe.org/file/18534/SchoolGrades25.xlsx,School type code 02; Title I=YES; Alternative/ESE=N; coordinates pending NCES/district GIS pull.
POLK,POLK,531971,,SLEEPY HILL MIDDLE SCHOOL,Middle/Junior,YES,NO,,NO,,,,,,,https://www.fldoe.org/file/18534/SchoolGrades25.xlsx,School type code 02; Title I=YES; Alternative/ESE=N; coordinates pending NCES/district GIS pull.
POLK,POLK,531981,,DUNDEE RIDGE MIDDLE ACADEMY,Middle/Junior,YES,NO,,NO,,,,,,,https://www.fldoe.org/file/18534/SchoolGrades25.xlsx,School type code 02; Title I=YES; Alternative/ESE=N; coordinates pending NCES/district GIS pull.
POLK,POLK,531991,,LAKE REGION HIGH SCHOOL,Senior High,YES,NO,,NO,,,,,,,https://www.fldoe.org/file/18534/SchoolGrades25.xlsx,School type code 03; Title I=YES; Alternative/ESE=N; coordinates pending NCES/district GIS pull.
POLK,POLK,532002,,DAVENPORT HIGH SCHOOL,Senior High,YES,NO,,NO,,,,,,,https://www.fldoe.org/file/18534/SchoolGrades25.xlsx,School type code 03; Title I=YES; Alternative/ESE=N; coordinates pending NCES/district GIS pull.
POLK,POLK,532003,,BELLA CITTA,Combination,YES,NO,,NO,,,,,,,https://www.fldoe.org/file/18534/SchoolGrades25.xlsx,School type code 04; Title I=YES; Alternative/ESE=N; coordinates pending NCES/district GIS pull.
POLK,POLK,537001,,"K12 FLORIDA, LLC – GRADES KG-12",Combination,YES,NO,,NO,,,,,,,https://www.fldoe.org/file/18534/SchoolGrades25.xlsx,School type code 04; Title I=NO; Alternative/ESE=N; coordinates pending NCES/district GIS pull.
POLK,POLK,537023,,POLK FULL TIME ESCHOOL,Combination,YES,NO,,NO,,,,,,,https://www.fldoe.org/file/18534/SchoolGrades25.xlsx,School type code 04; Title I=NO; Alternative/ESE=N; coordinates pending NCES/district GIS pull.
POLK,POLK,538003,,POLK STATE LAKELAND GATEWAY TO COLLEGE COLLEGIATE HIGH SCHOOL,Senior High,NO,YES,,NO,,,,,,,https://www.fldoe.org/file/18534/SchoolGrades25.xlsx,School type code 03; Title I=NO; Alternative/ESE=N; coordinates pending NCES/district GIS pull.
POLK,POLK,538005,,MAGNOLIA MONTESSORI ACADEMY,Combination,NO,YES,,NO,,,,,,,https://www.fldoe.org/file/18534/SchoolGrades25.xlsx,School type code 04; Title I=NO; Alternative/ESE=N; coordinates pending NCES/district GIS pull.
POLK,POLK,538007,,NAVIGATOR ACADEMY OF LEADERSHIP DAVENPORT,Combination,NO,YES,,NO,,,,,,,https://www.fldoe.org/file/18534/SchoolGrades25.xlsx,School type code 04; Title I=NO; Alternative/ESE=N; coordinates pending NCES/district GIS pull.
POLK,POLK,538009,,BRIDGEPREP ACADEMY OF POLK,Combination,NO,YES,,NO,,,,,,,https://www.fldoe.org/file/18534/SchoolGrades25.xlsx,School type code 04; Title I=YES; Alternative/ESE=N; coordinates pending NCES/district GIS pull.
POLK,POLK,538010,,MATER ACADEMY DAVENPORT,Elementary,NO,YES,,NO,,,,,,,https://www.fldoe.org/file/18534/SchoolGrades25.xlsx,School type code 01; Title I=YES; Alternative/ESE=N; coordinates pending NCES/district GIS pull.
POLK,POLK,538020,,MATER ACADEMY DAVENPORT MIDDLE SCHOOL,Middle/Junior,NO,YES,,NO,,,,,,,https://www.fldoe.org/file/18534/SchoolGrades25.xlsx,School type code 02; Title I=YES; Alternative/ESE=N; coordinates pending NCES/district GIS pull.
POLK,POLK,538121,,HARTRIDGE ACADEMY,Elementary,NO,YES,,NO,,,,,,,https://www.fldoe.org/file/18534/SchoolGrades25.xlsx,School type code 01; Title I=YES; Alternative/ESE=N; coordinates pending NCES/district GIS pull.
POLK,POLK,538131,,POLK STATE COLLEGE COLLEGIATE HIGH SCHOOL,Senior High,NO,YES,,NO,,,,,,,https://www.fldoe.org/file/18534/SchoolGrades25.xlsx,School type code 03; Title I=NO; Alternative/ESE=N; coordinates pending NCES/district GIS pull.
POLK,POLK,538133,,CHAIN OF LAKES COLLEGIATE HIGH,Senior High,NO,YES,,NO,,,,,,,https://www.fldoe.org/file/18534/SchoolGrades25.xlsx,School type code 03; Title I=NO; Alternative/ESE=N; coordinates pending NCES/district GIS pull.
POLK,POLK,538141,,LAKELAND MONTESSORI SCHOOL HOUSE,Combination,NO,YES,,NO,,,,,,,https://www.fldoe.org/file/18534/SchoolGrades25.xlsx,School type code 04; Title I=NO; Alternative/ESE=N; coordinates pending NCES/district GIS pull.
POLK,POLK,538142,,BERKLEY ACCELERATED,Combination,NO,YES,,NO,,,,,,,https://www.fldoe.org/file/18534/SchoolGrades25.xlsx,School type code 04; Title I=NO; Alternative/ESE=N; coordinates pending NCES/district GIS pull.
POLK,POLK,538171,,CYPRESS JUNCTION MONTESSORI,Combination,NO,YES,,NO,,,,,,,https://www.fldoe.org/file/18534/SchoolGrades25.xlsx,School type code 04; Title I=NO; Alternative/ESE=N; coordinates pending NCES/district GIS pull.
POLK,POLK,538181,,DISCOVERY HIGH SCHOOL,Senior High,NO,YES,,NO,,,,,,,https://www.fldoe.org/file/18534/SchoolGrades25.xlsx,School type code 03; Title I=YES; Alternative/ESE=N; coordinates pending NCES/district GIS pull.
POLK,POLK,538201,,MI ESCUELA MONTESSORI,Combination,NO,YES,,NO,,,,,,,https://www.fldoe.org/file/18534/SchoolGrades25.xlsx,School type code 04; Title I=NO; Alternative/ESE=N; coordinates pending NCES/district GIS pull.
SEMINOLE,SEMINOLE,590021,,HAMILTON ELEMENTARY SCHOOL,Elementary,YES,NO,,NO,,,,,,,https://www.fldoe.org/file/18534/SchoolGrades25.xlsx,School type code 01; Title I=YES; Alternative/ESE=N; coordinates pending NCES/district GIS pull.
SEMINOLE,SEMINOLE,590031,,BEAR LAKE ELEMENTARY SCHOOL,Elementary,YES,NO,,NO,,,,,,,https://www.fldoe.org/file/18534/SchoolGrades25.xlsx,School type code 01; Title I=NO; Alternative/ESE=N; coordinates pending NCES/district GIS pull.
SEMINOLE,SEMINOLE,590041,,ENGLISH ESTATES ELEMENTARY SCHOOL,Elementary,YES,NO,,NO,,,,,,,https://www.fldoe.org/file/18534/SchoolGrades25.xlsx,School type code 01; Title I=YES; Alternative/ESE=N; coordinates pending NCES/district GIS pull.
SEMINOLE,SEMINOLE,590051,,GENEVA ELEMENTARY SCHOOL,Elementary,YES,NO,,NO,,,,,,,https://www.fldoe.org/file/18534/SchoolGrades25.xlsx,School type code 01; Title I=NO; Alternative/ESE=N; coordinates pending NCES/district GIS pull.
SEMINOLE,SEMINOLE,590071,,LAKE MARY HIGH SCHOOL,Senior High,YES,NO,,NO,,,,,,,https://www.fldoe.org/file/18534/SchoolGrades25.xlsx,School type code 03; Title I=NO; Alternative/ESE=N; coordinates pending NCES/district GIS pull.
SEMINOLE,SEMINOLE,590081,,LAKE MARY ELEMENTARY SCHOOL,Elementary,YES,NO,,NO,,,,,,,https://www.fldoe.org/file/18534/SchoolGrades25.xlsx,School type code 01; Title I=NO; Alternative/ESE=N; coordinates pending NCES/district GIS pull.
SEMINOLE,SEMINOLE,590091,,LONGWOOD ELEMENTARY SCHOOL,Elementary,YES,NO,,NO,,,,,,,https://www.fldoe.org/file/18534/SchoolGrades25.xlsx,School type code 01; Title I=YES; Alternative/ESE=N; coordinates pending NCES/district GIS pull.
SEMINOLE,SEMINOLE,590101,,MILWEE MIDDLE SCHOOL,Middle/Junior,YES,NO,,NO,,,,,,,https://www.fldoe.org/file/18534/SchoolGrades25.xlsx,School type code 02; Title I=YES; Alternative/ESE=N; coordinates pending NCES/district GIS pull.
SEMINOLE,SEMINOLE,590111,,EVANS ELEMENTARY SCHOOL,Elementary,YES,NO,,NO,,,,,,,https://www.fldoe.org/file/18534/SchoolGrades25.xlsx,School type code 01; Title I=NO; Alternative/ESE=N; coordinates pending NCES/district GIS pull.
SEMINOLE,SEMINOLE,590121,,LAYER ELEMENTARY SCHOOL,Elementary,YES,NO,,NO,,,,,,,https://www.fldoe.org/file/18534/SchoolGrades25.xlsx,School type code 01; Title I=NO; Alternative/ESE=N; coordinates pending NCES/district GIS pull.
SEMINOLE,SEMINOLE,590131,,LAWTON ELEMENTARY SCHOOL,Elementary,YES,NO,,NO,,,,,,,https://www.fldoe.org/file/18534/SchoolGrades25.xlsx,School type code 01; Title I=NO; Alternative/ESE=N; coordinates pending NCES/district GIS pull.
SEMINOLE,SEMINOLE,590141,,PINE CREST ELEMENTARY SCHOOL,Elementary,YES,NO,,NO,,,,,,,https://www.fldoe.org/file/18534/SchoolGrades25.xlsx,School type code 01; Title I=YES; Alternative/ESE=N; coordinates pending NCES/district GIS pull.
SEMINOLE,SEMINOLE,590151,,SANFORD MIDDLE SCHOOL,Middle/Junior,YES,NO,,NO,,,,,,,https://www.fldoe.org/file/18534/SchoolGrades25.xlsx,School type code 02; Title I=NO; Alternative/ESE=N; coordinates pending NCES/district GIS pull.
SEMINOLE,SEMINOLE,590171,,WALKER ELEMENTARY SCHOOL,Elementary,YES,NO,,NO,,,,,,,https://www.fldoe.org/file/18534/SchoolGrades25.xlsx,School type code 01; Title I=NO; Alternative/ESE=N; coordinates pending NCES/district GIS pull.
SEMINOLE,SEMINOLE,590181,,SEMINOLE HIGH SCHOOL,Senior High,YES,NO,,NO,,,,,,,https://www.fldoe.org/file/18534/SchoolGrades25.xlsx,School type code 03; Title I=NO; Alternative/ESE=N; coordinates pending NCES/district GIS pull.
SEMINOLE,SEMINOLE,590182,,MILLENNIUM MIDDLE SCHOOL,Middle/Junior,YES,NO,,NO,,,,,,,https://www.fldoe.org/file/18534/SchoolGrades25.xlsx,School type code 02; Title I=YES; Alternative/ESE=N; coordinates pending NCES/district GIS pull.
SEMINOLE,SEMINOLE,590201,,SOUTH SEMINOLE MIDDLE SCHOOL,Middle/Junior,YES,NO,,NO,,,,,,,https://www.fldoe.org/file/18534/SchoolGrades25.xlsx,School type code 02; Title I=YES; Alternative/ESE=N; coordinates pending NCES/district GIS pull.
SEMINOLE,SEMINOLE,590202,,CASSELBERRY ELEMENTARY SCHOOL,Elementary,YES,NO,,NO,,,,,,,https://www.fldoe.org/file/18534/SchoolGrades25.xlsx,School type code 01; Title I=YES; Alternative/ESE=N; coordinates pending NCES/district GIS pull.
SEMINOLE,SEMINOLE,590231,,WILSON ELEMENTARY SCHOOL,Elementary,YES,NO,,NO,,,,,,,https://www.fldoe.org/file/18534/SchoolGrades25.xlsx,School type code 01; Title I=NO; Alternative/ESE=N; coordinates pending NCES/district GIS pull.
SEMINOLE,SEMINOLE,590251,,CROOMS ACADEMY OF INFORMATION TECHNOLOGY,Senior High,YES,NO,,NO,,,,,,,https://www.fldoe.org/file/18534/SchoolGrades25.xlsx,School type code 03; Title I=NO; Alternative/ESE=N; coordinates pending NCES/district GIS pull.
SEMINOLE,SEMINOLE,590271,,GOLDSBORO ELEMENTARY MAGNET,Elementary,YES,NO,,NO,,,,,,,https://www.fldoe.org/file/18534/SchoolGrades25.xlsx,School type code 01; Title I=NO; Alternative/ESE=N; coordinates pending NCES/district GIS pull.
SEMINOLE,SEMINOLE,590291,,JACKSON HEIGHTS MIDDLE SCHOOL,Middle/Junior,YES,NO,,NO,,,,,,,https://www.fldoe.org/file/18534/SchoolGrades25.xlsx,School type code 02; Title I=NO; Alternative/ESE=N; coordinates pending NCES/district GIS pull.
SEMINOLE,SEMINOLE,590301,,MIDWAY ELEMENTARY SCHOOL,Elementary,YES,NO,,NO,,,,,,,https://www.fldoe.org/file/18534/SchoolGrades25.xlsx,School type code 01; Title I=YES; Alternative/ESE=N; coordinates pending NCES/district GIS pull.
SEMINOLE,SEMINOLE,590331,,HIGHLANDS ELEMENTARY SCHOOL,Elementary,YES,NO,,NO,,,,,,,https://www.fldoe.org/file/18534/SchoolGrades25.xlsx,School type code 01; Title I=YES; Alternative/ESE=N; coordinates pending NCES/district GIS pull.
SEMINOLE,SEMINOLE,590361,,RAINBOW ELEMENTARY SCHOOL,Elementary,YES,NO,,NO,,,,,,,https://www.fldoe.org/file/18534/SchoolGrades25.xlsx,School type code 01; Title I=NO; Alternative/ESE=N; coordinates pending NCES/district GIS pull.
SEMINOLE,SEMINOLE,590391,,WINTER SPRINGS ELEMENTARY SCHOOL,Elementary,YES,NO,,NO,,,,,,,https://www.fldoe.org/file/18534/SchoolGrades25.xlsx,School type code 01; Title I=YES; Alternative/ESE=N; coordinates pending NCES/district GIS pull.
SEMINOLE,SEMINOLE,590401,,SPRING LAKE ELEMENTARY SCHOOL,Elementary,YES,NO,,NO,,,,,,,https://www.fldoe.org/file/18534/SchoolGrades25.xlsx,School type code 01; Title I=YES; Alternative/ESE=N; coordinates pending NCES/district GIS pull.
SEMINOLE,SEMINOLE,590421,,OVIEDO HIGH SCHOOL,Senior High,YES,NO,,NO,,,,,,,https://www.fldoe.org/file/18534/SchoolGrades25.xlsx,School type code 03; Title I=NO; Alternative/ESE=N; coordinates pending NCES/district GIS pull.
SEMINOLE,SEMINOLE,590431,,LYMAN HIGH SCHOOL,Senior High,YES,NO,,NO,,,,,,,https://www.fldoe.org/file/18534/SchoolGrades25.xlsx,School type code 03; Title I=NO; Alternative/ESE=N; coordinates pending NCES/district GIS pull.
SEMINOLE,SEMINOLE,590441,,CARILLON ELEMENTARY SCHOOL,Elementary,YES,NO,,NO,,,,,,,https://www.fldoe.org/file/18534/SchoolGrades25.xlsx,School type code 01; Title I=NO; Alternative/ESE=N; coordinates pending NCES/district GIS pull.
SEMINOLE,SEMINOLE,590491,,LAKE BRANTLEY HIGH SCHOOL,Senior High,YES,NO,,NO,,,,,,,https://www.fldoe.org/file/18534/SchoolGrades25.xlsx,School type code 03; Title I=NO; Alternative/ESE=N; coordinates pending NCES/district GIS pull.
SEMINOLE,SEMINOLE,590501,,TEAGUE MIDDLE SCHOOL,Middle/Junior,YES,NO,,NO,,,,,,,https://www.fldoe.org/file/18534/SchoolGrades25.xlsx,School type code 02; Title I=YES; Alternative/ESE=N; coordinates pending NCES/district GIS pull.
SEMINOLE,SEMINOLE,590502,,FOREST CITY ELEMENTARY SCHOOL,Elementary,YES,NO,,NO,,,,,,,https://www.fldoe.org/file/18534/SchoolGrades25.xlsx,School type code 01; Title I=YES; Alternative/ESE=N; coordinates pending NCES/district GIS pull.
SEMINOLE,SEMINOLE,590511,,RED BUG ELEMENTARY SCHOOL,Elementary,YES,NO,,NO,,,,,,,https://www.fldoe.org/file/18534/SchoolGrades25.xlsx,School type code 01; Title I=NO; Alternative/ESE=N; coordinates pending NCES/district GIS pull.
SEMINOLE,SEMINOLE,590521,,IDYLLWILDE ELEMENTARY SCHOOL,Elementary,YES,NO,,NO,,,,,,,https://www.fldoe.org/file/18534/SchoolGrades25.xlsx,School type code 01; Title I=YES; Alternative/ESE=N; coordinates pending NCES/district GIS pull.
SEMINOLE,SEMINOLE,590531,,EASTBROOK ELEMENTARY SCHOOL,Elementary,YES,NO,,NO,,,,,,,https://www.fldoe.org/file/18534/SchoolGrades25.xlsx,School type code 01; Title I=YES; Alternative/ESE=N; coordinates pending NCES/district GIS pull.
SEMINOLE,SEMINOLE,590541,,TUSKAWILLA MIDDLE SCHOOL,Middle/Junior,YES,NO,,NO,,,,,,,https://www.fldoe.org/file/18534/SchoolGrades25.xlsx,School type code 02; Title I=NO; Alternative/ESE=N; coordinates pending NCES/district GIS pull.
SEMINOLE,SEMINOLE,590551,,LAKE HOWELL HIGH SCHOOL,Senior High,YES,NO,,NO,,,,,,,https://www.fldoe.org/file/18534/SchoolGrades25.xlsx,School type code 03; Title I=NO; Alternative/ESE=N; coordinates pending NCES/district GIS pull.
SEMINOLE,SEMINOLE,590561,,ALTAMONTE ELEMENTARY SCHOOL,Elementary,YES,NO,,NO,,,,,,,https://www.fldoe.org/file/18534/SchoolGrades25.xlsx,School type code 01; Title I=YES; Alternative/ESE=N; coordinates pending NCES/district GIS pull.
SEMINOLE,SEMINOLE,590581,,SABAL POINT ELEMENTARY SCHOOL,Elementary,YES,NO,,NO,,,,,,,https://www.fldoe.org/file/18534/SchoolGrades25.xlsx,School type code 01; Title I=NO; Alternative/ESE=N; coordinates pending NCES/district GIS pull.
SEMINOLE,SEMINOLE,590591,,WOODLANDS ELEMENTARY SCHOOL,Elementary,YES,NO,,NO,,,,,,,https://www.fldoe.org/file/18534/SchoolGrades25.xlsx,School type code 01; Title I=NO; Alternative/ESE=N; coordinates pending NCES/district GIS pull.
SEMINOLE,SEMINOLE,590601,,LAKE ORIENTA ELEMENTARY SCHOOL,Elementary,YES,NO,,NO,,,,,,,https://www.fldoe.org/file/18534/SchoolGrades25.xlsx,School type code 01; Title I=YES; Alternative/ESE=N; coordinates pending NCES/district GIS pull.
SEMINOLE,SEMINOLE,590611,,STERLING PARK ELEMENTARY SCHOOL,Elementary,YES,NO,,NO,,,,,,,https://www.fldoe.org/file/18534/SchoolGrades25.xlsx,School type code 01; Title I=NO; Alternative/ESE=N; coordinates pending NCES/district GIS pull.
SEMINOLE,SEMINOLE,590621,,ROCK LAKE MIDDLE SCHOOL,Middle/Junior,YES,NO,,NO,,,,,,,https://www.fldoe.org/file/18534/SchoolGrades25.xlsx,School type code 02; Title I=NO; Alternative/ESE=N; coordinates pending NCES/district GIS pull.
SEMINOLE,SEMINOLE,590651,,WEKIVA ELEMENTARY SCHOOL,Elementary,YES,NO,,NO,,,,,,,https://www.fldoe.org/file/18534/SchoolGrades25.xlsx,School type code 01; Title I=NO; Alternative/ESE=N; coordinates pending NCES/district GIS pull.
SEMINOLE,SEMINOLE,590661,,KEETH ELEMENTARY SCHOOL,Elementary,YES,NO,,NO,,,,,,,https://www.fldoe.org/file/18534/SchoolGrades25.xlsx,School type code 01; Title I=NO; Alternative/ESE=N; coordinates pending NCES/district GIS pull.
SEMINOLE,SEMINOLE,590671,,GREENWOOD LAKES MIDDLE SCHOOL,Middle/Junior,YES,NO,,NO,,,,,,,https://www.fldoe.org/file/18534/SchoolGrades25.xlsx,School type code 02; Title I=YES; Alternative/ESE=N; coordinates pending NCES/district GIS pull.
SEMINOLE,SEMINOLE,590681,,STENSTROM ELEMENTARY SCHOOL,Elementary,YES,NO,,NO,,,,,,,https://www.fldoe.org/file/18534/SchoolGrades25.xlsx,School type code 01; Title I=NO; Alternative/ESE=N; coordinates pending NCES/district GIS pull.
SEMINOLE,SEMINOLE,590691,,HEATHROW ELEMENTARY SCHOOL,Elementary,YES,NO,,NO,,,,,,,https://www.fldoe.org/file/18534/SchoolGrades25.xlsx,School type code 01; Title I=NO; Alternative/ESE=N; coordinates pending NCES/district GIS pull.
SEMINOLE,SEMINOLE,590701,,PARTIN ELEMENTARY SCHOOL,Elementary,YES,NO,,NO,,,,,,,https://www.fldoe.org/file/18534/SchoolGrades25.xlsx,School type code 01; Title I=NO; Alternative/ESE=N; coordinates pending NCES/district GIS pull.
SEMINOLE,SEMINOLE,590711,,INDIAN TRAILS MIDDLE SCHOOL,Middle/Junior,YES,NO,,NO,,,,,,,https://www.fldoe.org/file/18534/SchoolGrades25.xlsx,School type code 02; Title I=NO; Alternative/ESE=N; coordinates pending NCES/district GIS pull.
SEMINOLE,SEMINOLE,590721,,CHILES MIDDLE SCHOOL,Middle/Junior,YES,NO,,NO,,,,,,,https://www.fldoe.org/file/18534/SchoolGrades25.xlsx,School type code 02; Title I=NO; Alternative/ESE=N; coordinates pending NCES/district GIS pull.
SEMINOLE,SEMINOLE,590731,,MARKHAM WOODS MIDDLE SCHOOL,Middle/Junior,YES,NO,,NO,,,,,,,https://www.fldoe.org/file/18534/SchoolGrades25.xlsx,School type code 02; Title I=NO; Alternative/ESE=N; coordinates pending NCES/district GIS pull.
SEMINOLE,SEMINOLE,590801,,BENTLEY ELEMENTARY SCHOOL,Elementary,YES,NO,,NO,,,,,,,https://www.fldoe.org/file/18534/SchoolGrades25.xlsx,School type code 01; Title I=YES; Alternative/ESE=N; coordinates pending NCES/district GIS pull.
SEMINOLE,SEMINOLE,590811,,WICKLOW ELEMENTARY SCHOOL,Elementary,YES,NO,,NO,,,,,,,https://www.fldoe.org/file/18534/SchoolGrades25.xlsx,School type code 01; Title I=YES; Alternative/ESE=N; coordinates pending NCES/district GIS pull.
SEMINOLE,SEMINOLE,590821,,CRYSTAL LAKE ELEMENTARY SCHOOL,Elementary,YES,NO,,NO,,,,,,,https://www.fldoe.org/file/18534/SchoolGrades25.xlsx,School type code 01; Title I=NO; Alternative/ESE=N; coordinates pending NCES/district GIS pull.
SEMINOLE,SEMINOLE,590911,,WINTER SPRINGS HIGH SCHOOL,Senior High,YES,NO,,NO,,,,,,,https://www.fldoe.org/file/18534/SchoolGrades25.xlsx,School type code 03; Title I=NO; Alternative/ESE=N; coordinates pending NCES/district GIS pull.
SEMINOLE,SEMINOLE,590931,,HAGERTY HIGH SCHOOL,Senior High,YES,NO,,NO,,,,,,,https://www.fldoe.org/file/18534/SchoolGrades25.xlsx,School type code 03; Title I=NO; Alternative/ESE=N; coordinates pending NCES/district GIS pull.
SEMINOLE,SEMINOLE,597004,,A SEMINOLE COUNTY VIRTUAL SCHOOL,Combination,YES,NO,,NO,,,,,,,https://www.fldoe.org/file/18534/SchoolGrades25.xlsx,School type code 04; Title I=NO; Alternative/ESE=N; coordinates pending NCES/district GIS pull.
SEMINOLE,SEMINOLE,599229,,CHOICES IN LEARNING CHARTER,Elementary,NO,YES,,NO,,,,,,,https://www.fldoe.org/file/18534/SchoolGrades25.xlsx,School type code 01; Title I=NO; Alternative/ESE=N; coordinates pending NCES/district GIS pull.
SEMINOLE,SEMINOLE,599233,,GALILEO SCHOOL FOR GIFTED LEARNING,Combination,NO,YES,,NO,,,,,,,https://www.fldoe.org/file/18534/SchoolGrades25.xlsx,School type code 04; Title I=NO; Alternative/ESE=N; coordinates pending NCES/district GIS pull.
SEMINOLE,SEMINOLE,599236,,SEMINOLE SCIENCE CHARTER SCHOOL,Combination,NO,YES,,NO,,,,,,,https://www.fldoe.org/file/18534/SchoolGrades25.xlsx,School type code 04; Title I=NO; Alternative/ESE=N; coordinates pending NCES/district GIS pull.
SEMINOLE,SEMINOLE,599255,,GALILEO SCHOOL FOR GIFTED LEARNING SKYWAY,Combination,NO,YES,,NO,,,,,,,https://www.fldoe.org/file/18534/SchoolGrades25.xlsx,School type code 04; Title I=NO; Alternative/ESE=N; coordinates pending NCES/district GIS pull.
