NCESSCH,NAME,district,STREET,CITY,STATE,ZIP,LAT,LON,CNTY,NMCNTY,LOCALE
120081007965,CONTRACTED SERVICES,LAKE,28334 CHURCHILL SMITH LN,MOUNT DORA,FL,32757,28.763276,-81.666109,12069,Lake County,41
120105001087,BEVERLY SHORES ELEMENTARY SCHOOL,LAKE,1108 GRIFFIN RD,LEESBURG,FL,34748,28.829419,-81.882624,12069,Lake County,22
120105001088,CLERMONT ELEMENTARY SCHOOL,LAKE,680 E HIGHLAND AVE,CLERMONT,FL,34711,28.552236,-81.746346,12069,Lake County,21
120105001090,EUSTIS ELEMENTARY SCHOOL,LAKE,714 E CITRUS AVE,EUSTIS,FL,32726,28.851231,-81.677797,12069,Lake County,22
120105001091,EUSTIS HEIGHTS ELEMENTARY SCHOOL,LAKE,310 W TAYLOR AVE,EUSTIS,FL,32726,28.839152,-81.688586,12069,Lake County,22
120105001092,EUSTIS HIGH SCHOOL,LAKE,1300 E WASHINGTON AVE,EUSTIS,FL,32726,28.846901,-81.672234,12069,Lake County,22
120105001093,FRUITLAND PARK ELEMENTARY SCHOOL,LAKE,304 W FOUNTAIN ST,FRUITLAND PARK,FL,34731,28.859799,-81.909747,12069,Lake County,22
120105001095,GRAY MIDDLE SCHOOL,LAKE,205 E MAGNOLIA ST,GROVELAND,FL,34736,28.556791,-81.855205,12069,Lake County,21
120105001097,LEESBURG HIGH SCHOOL,LAKE,1401 YELLOW JACKET WAY,LEESBURG,FL,34748,28.807719,-81.8887,12069,Lake County,22
120105001099,MT. DORA HIGH SCHOOL,LAKE,700 N HIGHLAND ST,MOUNT DORA,FL,32757,28.802628,-81.63609,12069,Lake County,22
120105001102,TAVARES HIGH SCHOOL,LAKE,603 N NEW HAMPSHIRE AVE,TAVARES,FL,32778,28.806648,-81.728995,12069,Lake County,22
120105001103,TAVARES MIDDLE SCHOOL,LAKE,1335 LANE PARK CUTOFF OFC,TAVARES,FL,32778,28.770738,-81.741119,12069,Lake County,22
120105001105,UMATILLA HIGH SCHOOL,LAKE,320 N TROWELL AVE,UMATILLA,FL,32784,28.930833,-81.664696,12069,Lake County,22
120105001106,TREADWAY ELEMENTARY SCHOOL,LAKE,10619 TREADWAY SCHOOL RD,LEESBURG,FL,34788,28.84605,-81.780585,12069,Lake County,22
120105001107,OAK PARK MIDDLE SCHOOL,LAKE,2101 SOUTH ST,LEESBURG,FL,34748,28.80187,-81.896992,12069,Lake County,41
120105001108,MINNEOLA CONVERSION CHARTER SCHOOL,LAKE,320 E PEARL ST,MINNEOLA,FL,34715,28.580001,-81.74116,12069,Lake County,21
120105001109,CARVER MIDDLE SCHOOL,LAKE,1200 N. BEECHER ST,LEESBURG,FL,34748,28.826969,-81.895073,12069,Lake County,22
120105001114,MT. DORA MIDDLE SCHOOL,LAKE,1405 LINCOLN AVE,MOUNT DORA,FL,32757,28.808807,-81.631741,12069,Lake County,22
120105001115,RIMES EARLY LEARNING & LITERACY CENTER,LAKE,3101 SCHOOLVIEW ST,LEESBURG,FL,34748,28.825976,-81.918809,12069,Lake County,41
120105001116,TRIANGLE ELEMENTARY SCHOOL,LAKE,1707 EUDORA RD,MOUNT DORA,FL,32757,28.812329,-81.676043,12069,Lake County,22
120105001117,LAKE TECHNICAL COLLEGE,LAKE,2001 KURT ST,EUSTIS,FL,32726,28.833405,-81.690765,12069,Lake County,22
120105001118,LAKE HILLS SCHOOL,LAKE,909 S LAKESHORE BLVD,HOWEY IN THE HILLS,FL,34737,28.704704,-81.768725,12069,Lake County,22
120105001119,MASCOTTE ELEMENTARY SCHOOL,LAKE,460 MIDWAY AVE,MASCOTTE,FL,34753,28.572444,-81.885776,12069,Lake County,21
120105001120,TAVARES ELEMENTARY SCHOOL,LAKE,720 E CLIFFORD ST,TAVARES,FL,32778,28.8103,-81.72049,12069,Lake County,22
120105001121,UMATILLA MIDDLE SCHOOL,LAKE,305 E LAKE ST,UMATILLA,FL,32784,28.928332,-81.660024,12069,Lake County,22
120105001702,SPRING CREEK CHARTER SCHOOL,LAKE,44440 SPRING CREEK RD,PAISLEY,FL,32767,28.995365,-81.541992,12069,Lake County,42
120105001714,SOUTH LAKE HIGH SCHOOL,LAKE,15600 SILVER EAGLE RD,GROVELAND,FL,34736,28.574162,-81.816533,12069,Lake County,21
120105002074,GROVELAND ELEMENTARY SCHOOL,LAKE,930 PARKWOOD AVE,GROVELAND,FL,34736,28.553767,-81.845667,12069,Lake County,21
120105002331,NONSCHOOL EXCEPTIONAL EDUCATION,LAKE,201 W BURLEIGH BLVD,TAVARES,FL,32778,28.811483,-81.729254,12069,Lake County,22
120105002659,SEMINOLE SPRINGS ELEMENTARY SCHOOL,LAKE,26200 W HUFF RD,EUSTIS,FL,32736,28.858108,-81.525543,12069,Lake County,42
120105003074,CYPRESS RIDGE ELEMENTARY SCHOOL,LAKE,350 EAST AVE,CLERMONT,FL,34711,28.559377,-81.757012,12069,Lake County,21
120105003195,EUSTIS MIDDLE SCHOOL,LAKE,18725 BATES AVE,EUSTIS,FL,32736,28.859487,-81.645381,12069,Lake County,22
120105003414,LAKE COUNTY ACER PROGRAM,LAKE,551 W MAIN ST,TAVARES,FL,32778,28.801946,-81.732921,12069,Lake County,22
120105003593,THE VILLAGES ELEMENTARY OF LADY LAKE SCHOOL,LAKE,695 ROLLING ACRES RD,LADY LAKE,FL,32159,28.930106,-81.935593,12069,Lake County,22
120105003595,LOST LAKE ELEMENTARY SCHOOL,LAKE,1901 JOHNS LAKE RD,CLERMONT,FL,34711,28.524767,-81.722048,12069,Lake County,21
120105003596,WINDY HILL MIDDLE SCHOOL,LAKE,3575 HANCOCK RD,CLERMONT,FL,34711,28.513612,-81.705684,12069,Lake County,21
120105003597,ALEE ACADEMY CHARTER SCHOOL,LAKE,1705 E COUNTY ROAD 44,EUSTIS,FL,32736,28.875387,-81.668144,12069,Lake County,41
120105003868,EAST RIDGE HIGH SCHOOL,LAKE,13322 EXCALIBUR RD,CLERMONT,FL,34711,28.538869,-81.714007,12069,Lake County,21
120105003980,LEESBURG ELEMENTARY SCHOOL,LAKE,2229 SOUTH ST,LEESBURG,FL,34748,28.801356,-81.899326,12069,Lake County,41
120105003984,ALTOONA SCHOOL,LAKE,42630 STATE ROAD 19,ALTOONA,FL,32702,28.969846,-81.646814,12069,Lake County,41
120105004105,PINE RIDGE ELEMENTARY SCHOOL,LAKE,10245 COUNTY ROAD 561,CLERMONT,FL,34711,28.495628,-81.786718,12069,Lake County,21
120105004364,ROUND LAKE ELEMENTARY SCHOOL,LAKE,31333 ROUND LAKE RD,MOUNT DORA,FL,32757,28.805425,-81.59425,12069,Lake County,41
120105004365,UMATILLA ELEMENTARY SCHOOL,LAKE,401 LAKE ST,UMATILLA,FL,32784,28.937414,-81.671967,12069,Lake County,22
120105005598,IMAGINE SCHOOLS AT SOUTH LAKE,LAKE,2750 HARTWOOD MARSH RD,CLERMONT,FL,34711,28.500863,-81.703937,12069,Lake County,21
120105006998,GRASSY LAKE ELEMENTARY SCHOOL,LAKE,1100 FOSGATE RD,MINNEOLA,FL,34715,28.583957,-81.729389,12069,Lake County,21
120105007239,EAST RIDGE MIDDLE SCHOOL,LAKE,13201 EXCALIBUR RD,CLERMONT,FL,34711,28.538573,-81.719881,12069,Lake County,21
120105007372,SAWGRASS BAY ELEMENTARY SCHOOL,LAKE,16325 SUPERIOR BLVD,CLERMONT,FL,34714,28.404916,-81.687684,12069,Lake County,23
120105007655,SORRENTO ELEMENTARY,LAKE,24605 WALLICK RD,SORRENTO,FL,32776,28.816374,-81.550119,12069,Lake County,41
120105007681,LAKE VIRTUAL INSTRUCTION PROGRAM,LAKE,200 W GOLF LINKS AVE,EUSTIS,FL,32726,28.835929,-81.688387,12069,Lake County,22
120105007689,LAKE MINNEOLA HIGH SCHOOL,LAKE,101 N HANCOCK RD,MINNEOLA,FL,34715,28.580992,-81.722204,12069,Lake County,41
120105007880,LAKE VIRTUAL FRANCHISE,LAKE,200 W GOLF LINKS AVE,EUSTIS,FL,32726,28.835929,-81.688387,12069,Lake County,22
120105007924,NON SCHOOL PK,LAKE,201 W BURLEIGH BLVD,TAVARES,FL,32778,28.811483,-81.729254,12069,Lake County,22
120105008311,LAKE VIRTUAL INSTRUCTION PROGRAM (DISTRICT PROVIDED),LAKE,200 W GOLF LINKS AVE,EUSTIS,FL,32726,28.835929,-81.688387,12069,Lake County,22
120105008588,PINECREST LAKES ACADEMY,LAKE,14012 OLD HIGHWAY 50,MINNEOLA,FL,34711,28.569725,-81.722823,12069,Lake County,21
120105008819,PINECREST ACADEMY FOUR CORNERS,LAKE,6340 SUNSET DR,MIAMI,FL,33143,28.362674,-81.678459,12069,Lake County,23
120105008829,LAKE SUCCESS ACADEMY,LAKE,525 N GEORGIA AVE,HOWEY IIN THE HILLS,FL,34737,28.716473,-81.778889,12069,Lake County,22
120105008894,PINECREST ACADEMY TAVARES,LAKE,2550 HUFFSTETLER DR,TAVARES,FL,32778,28.825829,-81.706665,12069,Lake County,22
120105008895,PINECREST LAKES MIDDLE/HIGH ACADEMY,LAKE,1250 N HANCOCK RD.,CLERMONT,FL,34711,28.55188,-81.708293,12069,Lake County,21
120105008934,LAKE POINTE ACADEMY,LAKE,801 CAGAN VIEW RD,CLERMONT,FL,34714,28.360566,-81.674678,12069,Lake County,23
120105008935,HOPE FOREST ACADEMY,LAKE,46821 JANE LANE,PAISLEY,FL,32767,29.03119,-81.479061,12069,Lake County,42
120105009018,AURELIA M. COLE ACADEMY,LAKE,301 EAST AVENUE,CLERMONT,FL,34711,28.558857,-81.755052,12069,Lake County,21
120105010673,THE ACADEMY AT LAKE HILLS SCHOOL- SOUTH,LAKE,513 ALBROOK STREET,MASCOTTE,FL,34753,28.571013,-81.883589,12069,Lake County,21
120105010775,LAKE SUCCESS ELEMENTARY SCHOOL,LAKE,310 W TAYLOR AVE,EUSTIS,FL,32726,28.839152,-81.688586,12069,Lake County,22
120105010776,LINCOLN PARK EDUCATION CENTER,LAKE,680 E HIGHLAND AVE,CLEMONT,FL,34711,28.552236,-81.746346,12069,Lake County,21
120147000913,CYPRESS ELEMENTARY SCHOOL,OSCEOLA,2251 LAKESIDE DR,KISSIMMEE,FL,34743,28.311722,-81.351308,12097,Osceola County,13
120147000920,ZENITH ACCELERATED ACADEMY,OSCEOLA,2218 E IRLO BRONSON MEMORIAL HWY,KISSIMMEE,FL,34744,28.283941,-81.355853,12097,Osceola County,21
120147001468,HIGHLANDS ELEMENTARY SCHOOL,OSCEOLA,800 W DONEGAN AVE,KISSIMMEE,FL,34741,28.317864,-81.410527,12097,Osceola County,13
120147001469,OSCEOLA HIGH SCHOOL,OSCEOLA,420 S THACKER AVE,KISSIMMEE,FL,34741,28.288272,-81.426549,12097,Osceola County,13
120147001470,DENN JOHN MIDDLE SCHOOL,OSCEOLA,2001 DENN JOHN LN,KISSIMMEE,FL,34744,28.310571,-81.376543,12097,Osceola County,13
120147001471,THACKER AVENUE ELEMENTARY FOR INTERNATIONAL STUDIES,OSCEOLA,301 N THACKER AVE,KISSIMMEE,FL,34741,28.29529,-81.42308,12097,Osceola County,13
120147001472,ST. CLOUD ELEMENTARY SCHOOL,OSCEOLA,2701 BUDINGER AVE,ST CLOUD,FL,34769,28.23331,-81.300388,12097,Osceola County,21
120147001473,ST. CLOUD HIGH SCHOOL,OSCEOLA,2000 BULLDOG LANE,ST CLOUD,FL,34769,28.239717,-81.279378,12097,Osceola County,21
120147001474,MICHIGAN AVENUE ELEMENTARY SCHOOL,OSCEOLA,2015 S MICHIGAN AVE,SAINT CLOUD,FL,34769,28.237258,-81.275271,12097,Osceola County,21
120147001475,ST. CLOUD MIDDLE SCHOOL,OSCEOLA,1975 S MICHIGAN AVE,ST CLOUD,FL,34769,28.23791,-81.275281,12097,Osceola County,21
120147002231,REEDY CREEK ELEMENTARY SCHOOL,OSCEOLA,5100 EAGLES TRL,KISSIMMEE,FL,34758,28.228235,-81.48905,12097,Osceola County,21
120147002357,BOGGY CREEK ELEMENTARY SCHOOL,OSCEOLA,810 FLORIDA PKWY,KISSIMMEE,FL,34743,28.327625,-81.361984,12097,Osceola County,21
120147002448,HICKORY TREE ELEMENTARY SCHOOL,OSCEOLA,2355 OLD HICKORY TREE RD,SAINT CLOUD,FL,34772,28.233023,-81.255003,12097,Osceola County,21
120147002476,GATEWAY HIGH SCHOOL,OSCEOLA,93 PANTHER PAWS TRL,KISSIMMEE,FL,34744,28.295111,-81.359642,12097,Osceola County,21
120147002575,MILL CREEK ELEMENTARY SCHOOL,OSCEOLA,1700 MILL SLOUGH RD,KISSIMMEE,FL,34744,28.313846,-81.376395,12097,Osceola County,13
120147002576,LAKEVIEW ELEMENTARY SCHOOL,OSCEOLA,2900 5TH ST,SAINT CLOUD,FL,34769,28.254419,-81.302042,12097,Osceola County,21
120147002622,PLEASANT HILL ELEMENTARY SCHOOL,OSCEOLA,1801 JACK CALHOUN DR,KISSIMMEE,FL,34741,28.272729,-81.432885,12097,Osceola County,21
120147002623,PARKWAY MIDDLE SCHOOL,OSCEOLA,857 FLORIDA PKWY,KISSIMMEE,FL,34743,28.327879,-81.368364,12097,Osceola County,21
120147002672,NEPTUNE MIDDLE SCHOOL,OSCEOLA,2727 NEPTUNE RD,KISSIMMEE,FL,34744,28.258897,-81.334005,12097,Osceola County,21
120147002675,VENTURA ELEMENTARY SCHOOL,OSCEOLA,275 WATERS EDGE DR,KISSIMMEE,FL,34743,28.334232,-81.343686,12097,Osceola County,21
120147002865,DEERWOOD ELEMENTARY SCHOOL,OSCEOLA,3701 MARIGOLD AVE,KISSIMMEE,FL,34758,28.181641,-81.486487,12097,Osceola County,23
120147002866,POINCIANA HIGH SCHOOL,OSCEOLA,2300 S POINCIANA BLVD,KISSIMMEE,FL,34758,28.234709,-81.4902,12097,Osceola County,41
120147003008,HORIZON MIDDLE SCHOOL,OSCEOLA,2020 HAM BROWN RD,KISSIMMEE,FL,34746,28.243612,-81.463992,12097,Osceola County,21
120147003097,KISSIMMEE MIDDLE SCHOOL,OSCEOLA,2410 DYER BLVD,KISSIMMEE,FL,34741,28.316635,-81.43773,12097,Osceola County,13
120147003098,CELEBRATION K-8,OSCEOLA,510 CAMPUS ST,CELEBRATION,FL,34747,28.319706,-81.544783,12097,Osceola County,21
120147003222,NEW BEGINNINGS EDUCATION CENTER,OSCEOLA,2599 WEST VINE ST,KISSIMMEE,FL,34741,28.306996,-81.428893,12097,Osceola County,13
120147003467,NEW DIMENSIONS HIGH SCHOOL,OSCEOLA,4900 OLD PLEASNT HILL RD,KISSIMMEE,FL,34759,28.140087,-81.447912,12097,Osceola County,23
120147003632,NARCOOSSEE MIDDLE SCHOOL,OSCEOLA,2700 N NARCOOSSEE RD,SAINT CLOUD,FL,34771,28.327651,-81.23566,12097,Osceola County,21
120147003633,DISCOVERY INTERMEDIATE SCHOOL,OSCEOLA,5350 SAN MIGUEL RD,KISSIMMEE,FL,34758,28.169814,-81.498426,12097,Osceola County,23
120147003634,PROFESSIONAL & TECHNICAL HIGH SCHOOL,OSCEOLA,501 SIMPSON RD,KISSIMMEE,FL,34744,28.298625,-81.349596,12097,Osceola County,21
120147003749,CENTRAL AVENUE ELEMENTARY SCHOOL,OSCEOLA,500 W COLUMBIA AVE,KISSIMMEE,FL,34741,28.306876,-81.409037,12097,Osceola County,13
120147003750,P. M. WELLS CHARTER ACADEMY,OSCEOLA,2426 REMINGTON BLVD,KISSIMMEE,FL,34744,28.280398,-81.331607,12097,Osceola County,21
120147003754,HOSPITAL/HOMEBOUND PROGRAM,OSCEOLA,805 BILL BECK BLVD,KISSIMMEE,FL,34744,28.297917,-81.359251,12097,Osceola County,21
120147003888,HERITAGE PARK ACADEMY,OSCEOLA,2330 NEW BEGINNINGS RD,KISSIMMEE,FL,34744,28.293515,-81.347291,12097,Osceola County,21
120147003889,POINCIANA ACADEMY OF FINE ARTS,OSCEOLA,4201 RHODODENDRON AVE,KISSIMMEE,FL,34758,28.165742,-81.501644,12097,Osceola County,23
120147003890,PARTIN SETTLEMENT ELEMENTARY SCHOOL,OSCEOLA,2434 REMINGTON BLVD,KISSIMMEE,FL,34744,28.280753,-81.329587,12097,Osceola County,21
120147004012,BELLALAGO CHARTER ACADEMY,OSCEOLA,3651 PLEASANT HILL RD,KISSIMMEE,FL,34746,28.186058,-81.437279,12097,Osceola County,21
120147004013,HARMONY HIGH SCHOOL,OSCEOLA,3601 ARTHUR J GALLAGHER BLVD,HARMONY,FL,34771,28.18792,-81.152904,12097,Osceola County,41
120147004118,CELEBRATION HIGH SCHOOL,OSCEOLA,1809 CELEBRATION BLVD,CELEBRATION,FL,34747,28.298758,-81.568911,12097,Osceola County,21
120147004119,OSCEOLA COUNTY SCHOOL FOR THE ARTS,OSCEOLA,3151 N ORANGE BLOSSOM TRL,KISSIMMEE,FL,34744,28.341481,-81.401757,12097,Osceola County,21
120147004398,KISSIMMEE ELEMENTARY SCHOOL,OSCEOLA,3700 W DONEGAN AVE,KISSIMMEE,FL,34741,28.316443,-81.440468,12097,Osceola County,13
120147004401,FOUR CORNERS CHARTER SCHOOL,OSCEOLA,9100 TEACHER LN,DAVENPORT,FL,33897,28.295415,-81.651871,12097,Osceola County,41
120147004402,KISSIMMEE CHARTER ACADEMY,OSCEOLA,2850 BILL BECK BLVD,KISSIMMEE,FL,34744,28.330794,-81.378094,12097,Osceola County,13
120147005055,FLORA RIDGE ELEMENTARY SCHOOL,OSCEOLA,2900 DYER BLVD,KISSIMMEE,FL,34741,28.333047,-81.436039,12097,Osceola County,13
120147005655,CHESTNUT ELEMENTARY SCHOOL FOR SCIENCE AND ENGINEERING,OSCEOLA,4300 CHESTNUT ST,KISSIMMEE,FL,34759,28.110019,-81.454625,12097,Osceola County,41
120147005656,SUNRISE ELEMENTARY SCHOOL,OSCEOLA,1925 HAM BROWN RD,KISSIMMEE,FL,34746,28.248057,-81.460952,12097,Osceola County,21
120147005802,OSCEOLA VIRTUAL FRANCHISE (SECONDARY),OSCEOLA,1907 MICHIGAN AVENUE,ST CLOUD,FL,34769,28.240001,-81.276249,12097,Osceola County,21
120147007148,OSCEOLA TECHNICAL COLLEGE KISSIMMEE CAMPUS,OSCEOLA,501 SIMPSON RD,KISSIMMEE,FL,34744,28.298625,-81.349596,12097,Osceola County,21
120147007373,NEPTUNE ELEMENTARY SCHOOL,OSCEOLA,1200 BETSY ROSS LN,SAINT CLOUD,FL,34769,28.247657,-81.326984,12097,Osceola County,41
120147007417,LIBERTY HIGH SCHOOL,OSCEOLA,4250 PLEASANT HILL RD,KISSIMMEE,FL,34746,28.162646,-81.442049,12097,Osceola County,21
120147007498,NARCOOSSEE ELEMENTARY SCHOOL,OSCEOLA,2690 N NARCOOSSEE RD,SAINT CLOUD,FL,34771,28.3264,-81.234,12097,Osceola County,21
120147007537,OSCEOLA VIRTUAL INSTRUCTION PROGRAM,OSCEOLA,1907 MICHIGAN AVENUE,ST CLOUD,FL,34769,28.240001,-81.276249,12097,Osceola County,21
120147007621,KOA ELEMENTARY SCHOOL,OSCEOLA,5000 KOA ST,KISSIMMEE,FL,34758,28.15516,-81.48678,12097,Osceola County,41
120147007628,WESTSIDE K-8 SCHOOL,OSCEOLA,2551 WESTSIDE BLVD,KISSIMMEE,FL,34747,28.318197,-81.64745,12097,Osceola County,41
120147007630,HARMONY COMMUNITY SCHOOL,OSCEOLA,3365 SCHOOLHOUSE RD,HARMONY,FL,34773,28.201556,-81.154042,12097,Osceola County,41
120147007641,OSCEOLA CENTER FOR EARLY LEARNING,OSCEOLA,1200 VERMONT AVE,SAINT CLOUD,FL,34769,28.246428,-81.293466,12097,Osceola County,21
120147007764,MAIN STREET HIGH SCHOOL,OSCEOLA,1100 N MAIN ST,KISSIMMEE,FL,34744,28.302103,-81.404126,12097,Osceola County,13
120147007895,EAST LAKE ELEMENTARY SCHOOL,OSCEOLA,4001 BOGGY CREEK RD,KISSIMMEE,FL,34744,28.33454,-81.281298,12097,Osceola County,21
120147008123,RENAISSANCE CHARTER SCHOOL AT POINCIANA,OSCEOLA,5125 ROBERT MCLANE BLVD,KISSIMMEE,FL,34758,28.25253,-81.48968,12097,Osceola County,21
120147008141,FOUR CORNERS UPPER SCHOOL,OSCEOLA,9160 BELLA CITTA BLVD,DAVENPORT,FL,33896,28.272904,-81.65296,12097,Osceola County,23
120147008236,VICTORY CHARTER SCHOOL,OSCEOLA,2880 N ORANGE BLOSSOM TRL,KISSIMMEE,FL,34744,28.332981,-81.404428,12097,Osceola County,21
120147008295,OASIS RESIDENTIAL CENTER,OSCEOLA,5970 S ORANGE BLOSSOM TRAIL,INTERCESSION CITY,FL,33848,28.262109,-81.523334,12097,Osceola County,41
120147008352,MATER BRIGHTON LAKES,OSCEOLA,3200 PLEASANT HILL RD,KISSIMMEE,FL,34746,28.200832,-81.441511,12097,Osceola County,41
120147008401,OSCEOLA TECHNICAL COLLEGE ST CLOUD CAMPUS,OSCEOLA,2901 17TH ST,ST. CLOUD,FL,34769,28.241798,-81.303186,12097,Osceola County,21
120147008430,OSCEOLA TECHNICAL COLLEGE POINCIANA CAMPUS,OSCEOLA,1030 CYPRESS PARKWAY,KISSIMMEE,FL,34759,28.145535,-81.446456,12097,Osceola County,23
120147008498,RENAISSANCE CHARTER SCHOOL AT TAPESTRY,OSCEOLA,2510 W CARROLL ST,KISSIMMEE,FL,34741,28.32335,-81.427863,12097,Osceola County,13
120147008554,LINCOLN-MARTI CHARTER SCHOOLS(OSCEOLA CAMPUS),OSCEOLA,2700 SW 8TH ST,MIAMI,FL,33135,28.30359,-81.352621,12097,Osceola County,13
120147008561,OSCEOLA SCIENCE CHARTER SCHOOL,OSCEOLA,2849 N JOHN YOUNG PKWY,KISSIMMEE,FL,34741,28.33134,-81.415446,12097,Osceola County,13
120147008617,MATER PALMS ACADEMY,OSCEOLA,7901 NW 103RD ST,HIALEAH GARDENS,FL,33016,28.286667,-81.471362,12097,Osceola County,13
120147008618,RENAISSANCE ACADEMY OF ARTS AND SCIENCES,OSCEOLA,4480 BOGGY CREEK RD,KISSIMMEE,FL,34744,28.346058,-81.262212,12097,Osceola County,21
120147008622,TOHOPEKALIGA HIGH SCHOOL,OSCEOLA,3675 BOGGY CREEK RD,KISSIMMEE,FL,34744,28.334639,-81.292876,12097,Osceola County,21
120147008626,BRIDGEPREP ACADEMY OSCEOLA COUNTY,OSCEOLA,4851 KOA ST,KISSIMMEE,FL,34758,28.1578,-81.475994,12097,Osceola County,23
120147008627,SPORTS LEADERSHIP ARTS MANAGEMENT (SLAM),OSCEOLA,611 LINE DR,KISSIMMEE,FL,34744,28.297929,-81.363116,12097,Osceola County,21
120147008640,NEOCITY ACADEMY,OSCEOLA,195 NEOCITY WAY,KISSIMMEE,FL,34744,28.29073,-81.371603,12097,Osceola County,21
120147008646,HARMONY MIDDLE SCHOOL,OSCEOLA,3725 ARTHUR J GALLAGHER BLVD,ST. CLOUD,FL,34771,28.18338,-81.153969,12097,Osceola County,41
120147008659,MATER ACADEMY AT ST CLOUD,OSCEOLA,6340 SUNSET DR,MIAMI,FL,33143,28.249114,-81.230797,12097,Osceola County,21
120147008660,CREATIVE INSPIRATION JOURNEY SCHOOL OF ST CLOUD,OSCEOLA,2030 OLD HICKORY TREE RD,SAINT CLOUD,FL,34772,28.244519,-81.257153,12097,Osceola County,21
120147008767,MATER BRIGHTON LAKES ACADEMY PREPARATORY HIGH,OSCEOLA,3250 PLEASANT HILL ROAD,KISSIMMEE,FL,34746,28.200227,-81.441502,12097,Osceola County,41
120147008886,VICTORY CHARTER SCHOOL K-5,OSCEOLA,2880 N. ORANGE BLOSSOM TRAIL,KISSIMMEE,FL,34741,28.332981,-81.404428,12097,Osceola County,21
120147008947,CANOE CREEK K-8,OSCEOLA,3600 CANOE CREEK ROAD,ST. CLOUD,FL,34772,28.185518,-81.290632,12097,Osceola County,21
120147009034,BRIDGEPREP ACADEMY OF ST.CLOUD,OSCEOLA,9875 SW 72 STREET,MIAMI,FL,33173,28.230873,-81.316768,12097,Osceola County,21
120147010690,ISLAND VILLAGE ELEMENTARY SCHOOL,OSCEOLA,2050 CELEBRATION BLVD,KISSIMMEE,FL,34747,28.288969,-81.583222,12097,Osceola County,41
120147010796,ACADEMIR PREPARATORY OF CHAMPIONSGATE,OSCEOLA,5420 SW 157TH AVE #5,MIAMI,FL,33185,28.274482,-81.621027,12097,Osceola County,41
120147010797,KNIGHTS POINT K-8,OSCEOLA,817 BILL BECK BLVD,KISSIMMEE,FL,34744,28.269812,-81.481167,12097,Osceola County,41
120147010798,VOYAGER K-8,OSCEOLA,817 BILL BECK BLVD,KISSIMMEE,FL,34744,28.33848,-81.171199,12097,Osceola County,41
120159001043,LOUGHMAN OAKS ELEMENTARY SCHOOL,POLK,4600 US HWY 17- 92 N,DAVENPORT,FL,33837,28.218471,-81.568763,12105,Polk County,23
120159001703,LAKELAND SENIOR HIGH SCHOOL,POLK,726 HOLLINGSWORTH RD,LAKELAND,FL,33801,28.035502,-81.939837,12105,Polk County,12
120159001705,SOUTHWEST MIDDLE SCHOOL,POLK,2815 EDEN PKWY,LAKELAND,FL,33803,28.012362,-81.964104,12105,Polk County,12
120159001706,CARLTON PALMORE ELEMENTARY SCHOOL,POLK,3725 CLEVELND HTS BLVD,LAKELAND,FL,33803,27.995858,-81.949635,12105,Polk County,12
120159001708,CLEVELAND COURT ELEMENTARY SCHOOL,POLK,328 EDGEWOOD DR E,LAKELAND,FL,33803,28.012104,-81.954079,12105,Polk County,12
120159001709,COMBEE ACADEMY OF DESIGN AND ENGINEERING,POLK,2805 MORGAN COMBEE RD,LAKELAND,FL,33801,28.06183,-81.90234,12105,Polk County,21
120159001710,CRYSTAL LAKE ELEMENTARY SCHOOL,POLK,700 GALVIN DR,LAKELAND,FL,33801,28.03435,-81.912515,12105,Polk County,21
120159001712,DIXIELAND ELEMENTARY SCHOOL,POLK,416 ARIANA ST,LAKELAND,FL,33803,28.025517,-81.96073,12105,Polk County,12
120159001713,PHILIP O'BRIEN ELEMENTARY SCHOOL,POLK,1225 LIME ST E,LAKELAND,FL,33801,28.039857,-81.939316,12105,Polk County,12
120159001715,MEDULLA ELEMENTARY SCHOOL,POLK,850 SCHOOLHOUSE RD,LAKELAND,FL,33813,27.966923,-81.970624,12105,Polk County,21
120159001716,NORTH LAKELAND ELEMENTARY SCHOOL OF CHOICE,POLK,410 ROBSON ST W,LAKELAND,FL,33805,28.08328,-81.960456,12105,Polk County,12
120159001717,SOUTHWEST ELEMENTARY SCHOOL,POLK,2650 SOUTHWEST AVE,LAKELAND,FL,33803,28.014401,-81.959527,12105,Polk County,12
120159001718,LINCOLN AVENUE ACADEMY,POLK,1330 LINCOLN AVE N,LAKELAND,FL,33805,28.061458,-81.966067,12105,Polk County,12
120159001719,ROCHELLE SCHOOL OF THE ARTS,POLK,1501 MARTIN L KING JR AVE,LAKELAND,FL,33805,28.064299,-81.960285,12105,Polk County,12
120159001721,SHELLEY S. BOONE MIDDLE SCHOOL,POLK,225 22ND ST S,HAINES CITY,FL,33844,28.10173,-81.612581,12105,Polk County,21
120159001722,ALTA VISTA ELEMENTARY SCHOOL,POLK,801 SCENIC HWY S,HAINES CITY,FL,33844,28.085564,-81.624432,12105,Polk County,21
120159001723,EASTSIDE ELEMENTARY SCHOOL,POLK,1820 JOHNSON AVE E,HAINES CITY,FL,33844,28.114848,-81.615818,12105,Polk County,21
120159001724,BETHUNE ACADEMY,POLK,900 AVENUE F,HAINES CITY,FL,33844,28.12191,-81.623997,12105,Polk County,21
120159001725,DAVENPORT SCHOOL OF THE ARTS,POLK,4751 COUNTY ROAD 547 N,DAVENPORT,FL,33837,28.228305,-81.584553,12105,Polk County,23
120159001726,WINTER HAVEN SENIOR HIGH SCHOOL,POLK,600 6TH ST SE,WINTER HAVEN,FL,33880,28.013692,-81.717884,12105,Polk County,13
120159001727,DENISON MIDDLE SCHOOL,POLK,400 AVENUE A SE,WINTER HAVEN,FL,33880,28.020736,-81.721517,12105,Polk County,13
120159001728,FRANK E. BRIGHAM ACADEMY,POLK,601 AVENUE C SE,WINTER HAVEN,FL,33880,28.019732,-81.717669,12105,Polk County,13
120159001729,WESTWOOD MIDDLE SCHOOL,POLK,3520 AVENUE J NW,WINTER HAVEN,FL,33881,28.032085,-81.770317,12105,Polk County,21
120159001730,ELBERT ELEMENTARY SCHOOL,POLK,205 15TH ST NE,WINTER HAVEN,FL,33881,28.0237,-81.7033,12105,Polk County,13
120159001731,FRED G. GARNER ACADEMY,POLK,2500 HAVENDALE BLVD NW,WINTER HAVEN,FL,33881,28.04425,-81.758651,12105,Polk County,13
120159001732,INWOOD ELEMENTARY SCHOOL,POLK,2200 AVENUE G NW,WINTER HAVEN,FL,33880,28.029566,-81.754637,12105,Polk County,13
120159001733,LAKE SHIPP ELEMENTARY SCHOOL,POLK,250 CAMELLIA DR,WINTER HAVEN,FL,33880,27.997712,-81.750086,12105,Polk County,21
120159001734,JOHN SNIVELY ELEMENTARY,POLK,848 SNIVELY AVE,ELOISE,FL,33880,27.986319,-81.731942,12105,Polk County,21
120159001735,LAKE ALFRED ELEMENTARY SCHOOL,POLK,550 CUMMINGS ST E,LAKE ALFRED,FL,33850,28.08886,-81.721694,12105,Polk County,21
120159001736,KAREN M. SIEGEL ACADEMY,POLK,935 EVENHOUSE RD,LAKE ALFRED,FL,33850,28.106994,-81.726387,12105,Polk County,21
120159001737,WAHNETA ELEMENTARY SCHOOL,POLK,205 4TH ST E,WINTER HAVEN,FL,33880,27.95376,-81.72179,12105,Polk County,41
120159001739,JEWETT MIDDLE ACADEMY MAGNET,POLK,601 MARTIN LUTHER KING JR BLVD NE,WINTER HAVEN,FL,33881,28.044912,-81.71913,12105,Polk County,13
120159001740,JEWETT SCHOOL OF THE ARTS,POLK,2250 8TH ST NE,WINTER HAVEN,FL,33881,28.046603,-81.716656,12105,Polk County,13
120159001743,FORT MEADE MIDDLE/SENIOR HIGH SCHOOL,POLK,700 EDGEWOOD DR N,FORT MEADE,FL,33841,27.760769,-81.783007,12105,Polk County,41
120159001745,AUBURNDALE SENIOR HIGH SCHOOL,POLK,1 BLOODHOUND TRL,AUBURNDALE,FL,33823,28.072287,-81.785864,12105,Polk County,21
120159001748,LENA VISTA ELEMENTARY SCHOOL,POLK,925 BERKLEY RD,AUBURNDALE,FL,33823,28.069917,-81.818703,12105,Polk County,21
120159001749,AUBURNDALE CENTRAL ELEMENTARY SCHOOL,POLK,320 LEMON ST,AUBURNDALE,FL,33823,28.0605,-81.788,12105,Polk County,21
120159001750,WALTER CALDWELL ELEMENTARY SCHOOL,POLK,141 DAIRY RD,AUBURNDALE,FL,33823,28.071181,-81.775603,12105,Polk County,21
120159001752,POLK CITY ELEMENTARY SCHOOL,POLK,125 BOUGAINVILLEA AVE S,POLK CITY,FL,33868,28.1818,-81.8234,12105,Polk County,21
120159001753,BARTOW SENIOR HIGH SCHOOL,POLK,1270 BROADWAY AVE S,BARTOW,FL,33830,27.883881,-81.842397,12105,Polk County,31
120159001754,BARTOW MIDDLE SCHOOL,POLK,550 CLOWER ST E,BARTOW,FL,33830,27.879723,-81.840351,12105,Polk County,31
120159001755,BARTOW ELEMENTARY ACADEMY,POLK,590 WILSON AVE S,BARTOW,FL,33830,27.89291,-81.841095,12105,Polk County,31
120159001756,FLORAL AVENUE ELEMENTARY SCHOOL,POLK,1530 FLORAL AVE S,BARTOW,FL,33830,27.8816,-81.8444,12105,Polk County,31
120159001757,JEAN O'DELL LEARNING CENTER,POLK,1310 FLORAL AVE S,BARTOW,FL,33830,27.882975,-81.844591,12105,Polk County,31
120159001760,ALTURAS ELEMENTARY SCHOOL,POLK,420 4TH ST,ALTURAS,FL,33820,27.872408,-81.712729,12105,Polk County,41
120159001761,HIGHLAND CITY ELEMENTARY SCHOOL,POLK,5355 9TH STREET SE,HIGHLAND CITY,FL,33846,27.966143,-81.883797,12105,Polk County,21
120159001762,MULBERRY SENIOR HIGH SCHOOL,POLK,4TH CIRCLE NE,MULBERRY,FL,33860,27.90054,-81.959785,12105,Polk County,41
120159001763,PURCELL ELEMENTARY SCHOOL,POLK,305 1ST AVE NE,MULBERRY,FL,33860,27.897353,-81.972316,12105,Polk County,21
120159001765,MULBERRY MIDDLE SCHOOL,POLK,500 DR MLK JR AVE SE,MULBERRY,FL,33860,27.890862,-81.964808,12105,Polk County,21
120159001766,KATHLEEN SENIOR HIGH SCHOOL,POLK,1100 RED DEVIL WAY,LAKELAND,FL,33815,28.057368,-81.996099,12105,Polk County,21
120159001767,KATHLEEN MIDDLE SCHOOL,POLK,3627 KATHLEEN PNES,LAKELAND,FL,33810,28.125318,-82.019483,12105,Polk County,21
120159001768,KATHLEEN ELEMENTARY SCHOOL,POLK,3515 SHERETZ RD,LAKELAND,FL,33810,28.127014,-82.018106,12105,Polk County,21
120159001769,GRIFFIN ELEMENTARY SCHOOL,POLK,3315 KATHLEEN RD,LAKELAND,FL,33810,28.0851,-81.995,12105,Polk County,21
120159001770,JESSE KEEN ELEMENTARY SCHOOL,POLK,815 PLATEAU AVE,LAKELAND,FL,33815,28.034579,-81.988839,12105,Polk County,21
120159001771,WINSTON ACADEMY OF ENGINEERING,POLK,3415 SWINDELL RD,LAKELAND,FL,33810,28.055547,-82.014292,12105,Polk County,21
120159001773,MCLAUGHLIN ACADEMY OF EXCELLENCE,POLK,800 4TH ST S,LAKE WALES,FL,33853,27.887781,-81.584649,12105,Polk County,21
120159001774,POLK AVENUE ELEMENTARY SCHOOL,POLK,110 POLK AVE E,LAKE WALES,FL,33853,27.896097,-81.588141,12105,Polk County,21
120159001775,HILLCREST ELEMENTARY SCHOOL,POLK,1051 STATE ROAD 60 E,LAKE WALES,FL,33853,27.894959,-81.56761,12105,Polk County,21
120159001776,SPOOK HILL ELEMENTARY SCHOOL,POLK,321 DR JA WILTSHIRE AVE E,LAKE WALES,FL,33853,27.910815,-81.584083,12105,Polk County,21
120159001777,ROOSEVELT ACADEMY,POLK,115 E ST,LAKE WALES,FL,33853,27.911465,-81.595484,12105,Polk County,21
120159001778,JANIE HOWARD WILSON SCHOOL,POLK,306 FLORIDA AVE,LAKE WALES,FL,33853,27.917774,-81.594042,12105,Polk County,41
120159001779,DALE R FAIR BABSON PARK ELEMENTARY,POLK,815 SCENIC HWY N,BABSON PARK,FL,33827,27.832412,-81.52727,12105,Polk County,41
120159001780,EDGAR L. PADGETT ELEMENTARY,POLK,110 LEELON RD,LAKELAND,FL,33809,28.121766,-81.955128,12105,Polk County,21
120159001781,GAUSE ACADEMY OF LEADERSHIP,POLK,1395 POLK ST W,BARTOW,FL,33830,27.899598,-81.857766,12105,Polk County,31
120159001782,CRYSTAL LAKE MIDDLE SCHOOL,POLK,2410 CRYSTAL LAKE DR N,LAKELAND,FL,33801,28.028723,-81.9118,12105,Polk County,21
120159001783,OSCAR J. POPE ELEMENTARY SCHOOL,POLK,2730 MAINE AVE,LAKELAND,FL,33801,28.0123,-81.904658,12105,Polk County,21
120159001785,MCKEEL ACADEMY OF TECHNOLOGY,POLK,1810 PARKER ST W,LAKELAND,FL,33815,28.049843,-81.984249,12105,Polk County,21
120159001786,SCOTT LAKE ELEMENTARY SCHOOL,POLK,1140 COUNTY ROAD 540A E,LAKELAND,FL,33813,27.954411,-81.945105,12105,Polk County,21
120159001788,EAGLE LAKE ELEMENTARY SCHOOL,POLK,400 CRYSTAL BEACH RD,EAGLE LAKE,FL,33839,27.973936,-81.765316,12105,Polk County,21
120159001789,GARDEN GROVE ELEMENTARY SCHOOL,POLK,4599 CYPRESS GARDENS RD,WINTER HAVEN,FL,33884,27.991009,-81.661559,12105,Polk County,21
120159001790,LAKE WALES SENIOR HIGH SCHOOL,POLK,1 HIGHLANDER WAY,LAKE WALES,FL,33853,27.916765,-81.579455,12105,Polk County,21
120159001791,JAMES E. STEPHENS ACADEMY,POLK,1350 MAPLE AVE N,BARTOW,FL,33830,27.909966,-81.856193,12105,Polk County,31
120159001792,LAKE GIBSON MIDDLE SCHOOL,POLK,6901 SOCRUM LOOP RD N,LAKELAND,FL,33809,28.129271,-81.954518,12105,Polk County,21
120159001793,LAKELAND HIGHLANDS MIDDLE SCHOOL,POLK,740 LAKE MIRIAM DR,LAKELAND,FL,33813,27.975786,-81.951239,12105,Polk County,12
120159001794,DUNDEE ELEMENTARY ACADEMY,POLK,215 FREDERICK AVE,DUNDEE,FL,33838,28.02672,-81.618153,12105,Polk County,21
120159001795,HAINES CITY SENIOR HIGH SCHOOL,POLK,2800 HORNET DR,HAINES CITY,FL,33844,28.09853,-81.608192,12105,Polk County,21
120159001796,FROSTPROOF MIDDLE/SENIOR HIGH,POLK,1000  PALM AVE N,FROSTPROOF,FL,33843,27.760863,-81.533293,12105,Polk County,31
120159001982,FROSTPROOF BEN HILL GRIFFIN JR ELEMENTARY SCHOOL,POLK,501 MCLEOD RD,FROSTPROOF,FL,33843,27.765176,-81.535792,12105,Polk County,41
120159001985,GEORGE W. JENKINS SENIOR HIGH,POLK,6000 LAKELAND HIGHLANDS RD,LAKELAND,FL,33813,27.957476,-81.919256,12105,Polk County,21
120159001989,BILL DUNCAN OPPORTUNITY CENTER,POLK,3333 WINTER LAKE RD,LAKELAND,FL,33803,27.993813,-81.891786,12105,Polk County,41
120159002401,CLARENCE BOSWELL ELEMENTARY SCHOOL,POLK,2820 K VILLE AVE,AUBURNDALE,FL,33823,28.035615,-81.826272,12105,Polk County,21
120159002402,DORIS A. SANDERS LEARNING CENTER,POLK,1201 ENCHANTED DR,LAKELAND,FL,33801,28.059571,-81.90145,12105,Polk County,21
120159002404,JAMES W. SIKES ELEMENTARY SCHOOL,POLK,2727 SHEPHERD RD,LAKELAND,FL,33811,27.939361,-81.999897,12105,Polk County,21
120159002405,LAKE GIBSON SENIOR HIGH SCHOOL,POLK,7007 SOCRUM LOOP RD N,LAKELAND,FL,33809,28.134215,-81.955351,12105,Polk County,21
120159002456,JERE L. STAMBAUGH MIDDLE,POLK,226 MAIN ST N,AUBURNDALE,FL,33823,28.070834,-81.788055,12105,Polk County,21
120159002457,UNION ACADEMY,POLK,1795 WABASH ST E,BARTOW,FL,33830,27.892955,-81.821384,12105,Polk County,31
120159002480,R. CLEM CHURCHWELL ELEMENTARY SCHOOL,POLK,8201 PARK BYRD RD,LAKELAND,FL,33810,28.149094,-81.988658,12105,Polk County,21
120159002893,WENDELL WATSON ELEMENTARY SCHOOL,POLK,6800 WALT WILLIAMS RD,LAKELAND,FL,33809,28.1308,-81.9231,12105,Polk County,21
120159002894,VALLEYVIEW ELEMENTARY SCHOOL,POLK,2900 STATE RD 540A E,LAKELAND,FL,33813,27.953987,-81.91021,12105,Polk County,21
120159002895,SOCRUM ELEMENTARY SCHOOL,POLK,9400 OLD DADE CITY RD,LAKELAND,FL,33810,28.169178,-82.016174,12105,Polk County,41
120159002947,RIDGE TEEN PARENT PROGRAM,POLK,7700 LUCERNE PARK RD,WINTER HAVEN,FL,33881,28.076588,-81.654236,12105,Polk County,13
120159002949,POLK HALFWAY HOUSE,POLK,2145 BOB PHILLIPS RD,BARTOW,FL,33830,27.880038,-81.822527,12105,Polk County,31
120159003015,LAWTON CHILES MIDDLE ACADEMY,POLK,400 FLORIDA AVE N,LAKELAND,FL,33801,28.04824,-81.957666,12105,Polk County,12
120159003016,LAKE REGION HIGH SCHOOL,POLK,1995 THUNDER RD,EAGLE LAKE,FL,33839,27.980503,-81.748308,12105,Polk County,21
120159003112,DISCOVERY ACADEMY OF LAKE ALFRED,POLK,1000 BUENA VISTA DR N,LAKE ALFRED,FL,33850,28.108388,-81.729032,12105,Polk County,41
120159003256,DON E WOODS OPPORTUNITY CENTER,POLK,213 LAKE AVE E,DUNDEE,FL,33838,28.024479,-81.618473,12105,Polk County,21
120159003259,ACHIEVEMENT ACADEMY,POLK,716 BELLA VISTA ST E,LAKELAND,FL,33805,28.070344,-81.950752,12105,Polk County,12
120159003655,SLEEPY HILL MIDDLE SCHOOL,POLK,2215 SLEEPY HILL RD,LAKELAND,FL,33810,28.0933,-81.9922,12105,Polk County,12
120159003656,DUNDEE RIDGE MIDDLE ACADEMY,POLK,5555 LAKE TRASK RD,DUNDEE,FL,33838,28.016483,-81.596851,12105,Polk County,21
120159003788,HARTRIDGE ACADEMY,POLK,1400 US HIGHWAY 92 W,WINTER HAVEN,FL,33881,28.070444,-81.746786,12105,Polk County,21
120159003789,PACE CENTER FOR GIRLS,POLK,213 TYLER AVE,LAKELAND,FL,33801,28.04258,-81.939521,12105,Polk County,12
120159003923,R. BRUCE WAGNER ELEMENTARY SCHOOL,POLK,5500 YATES RD,LAKELAND,FL,33811,27.966456,-82.010517,12105,Polk County,21
120159003925,COMPASS MIDDLE CHARTER SCHOOL,POLK,550 CLOWER ST E,BARTOW,FL,33830,27.879723,-81.840351,12105,Polk County,31
120159003926,DR. NE ROBERTS ELEMENTARY SCHOOL,POLK,6600 GREEN RD,LAKELAND,FL,33810,28.126405,-81.987535,12105,Polk County,21
120159003927,ROSABELLE W. BLAKE ACADEMY,POLK,510 HARTSELL AVE,LAKELAND,FL,33815,28.038458,-81.966006,12105,Polk County,12
120159003929,POLK COUNTY SHERIFF'S CENTRAL CENTER,POLK,2390 BOB PHILLIPS RD,BARTOW,FL,33830,27.881411,-81.819562,12105,Polk County,41
120159004137,MCKEEL ACADEMY CENTRAL,POLK,411 FLORIDA AVE N,LAKELAND,FL,33801,28.048355,-81.956712,12105,Polk County,12
120159004178,LAKELAND MONTESSORI SCHOOL HOUSE,POLK,1124 LAKE PARKER AVE N,LAKELAND,FL,33805,28.058188,-81.94129,12105,Polk County,12
120159004179,RIDGE COMMUNITY HIGH SCHOOL,POLK,500 ORCHID DR,DAVENPORT,FL,33837,28.150272,-81.629326,12105,Polk County,21
120159004180,POLK VIRTUAL FRANCHISE,POLK,604 S. CENTRAL AVE,LAKELAND,FL,33815,28.037481,-81.973021,12105,Polk County,12
120159004185,HOSPITAL HOMEBOUND,POLK,1909 FLORAL AVE S,BARTOW,FL,33830,27.87546,-81.846336,12105,Polk County,31
120159004186,POLK STATE COLLEGE COLLEGIATE HIGH SCHOOL,POLK,3425 WINTER LAKE RD,LAKELAND,FL,33803,27.990287,-81.889713,12105,Polk County,41
120159004188,BERKLEY ACCELERATED,POLK,5316 BERKLEY RD,AUBURNDALE,FL,33823,28.142158,-81.820769,12105,Polk County,21
120159004435,DANIEL JENKINS ACADEMY OF TECHNOLOGY MIDDLE SCHOOL,POLK,701 LEDWITH AVE,HAINES CITY,FL,33844,28.103075,-81.625925,12105,Polk County,21
120159004436,SANDHILL ELEMENTARY SCHOOL,POLK,1801 TYNER RD,HAINES CITY,FL,33844,28.042653,-81.561063,12105,Polk County,41
120159004437,RIDGEVIEW GLOBAL STUDIES ACADEMY,POLK,1000 DUNSON RD,DAVENPORT,FL,33896,28.246128,-81.646904,12105,Polk County,23
120159004438,LEWIS ANNA WOODBURY ELEMENTARY SCHOOL,POLK,610 CHARLESTON AVE S,FORT MEADE,FL,33841,27.744,-81.8025,12105,Polk County,32
120159004440,PINEWOOD ELEMENTARY SCHOOL,POLK,1400 GILBERT ST,EAGLE LAKE,FL,33839,27.9832,-81.7417,12105,Polk County,21
120159004441,BERKLEY ELEMENTARY SCHOOL,POLK,5240 BERKLEY RD,AUBURNDALE,FL,33823,28.140571,-81.820838,12105,Polk County,21
120159005337,SLEEPY HILL ELEMENTARY SCHOOL,POLK,2285 SLEEPY HILL RD,LAKELAND,FL,33810,28.094163,-81.995324,12105,Polk County,12
120159005338,HIGHLANDS GROVE ELEMENTARY SCHOOL,POLK,4510 LAKELAND HIGHLANDS RD,LAKELAND,FL,33813,27.983043,-81.921542,12105,Polk County,21
120159005341,SOUTH MCKEEL ACADEMY,POLK,2222 EDGEWOOD DR S,LAKELAND,FL,33803,28.01206,-81.914789,12105,Polk County,12
120159005342,PALMETTO ELEMENTARY SCHOOL,POLK,315 PALMETTO ST,POINCIANA,FL,34759,28.112912,-81.46037,12105,Polk County,23
120159005346,LAKE MARION CREEK MIDDLE SCHOOL,POLK,3055 LAKE MARION CREEK DR,POINCIANA,FL,34759,28.066236,-81.510953,12105,Polk County,31
120159005349,CHAIN OF LAKES COLLEGIATE HIGH,POLK,999 AVENUE H NE,WINTER HAVEN,FL,33881,28.031181,-81.714154,12105,Polk County,13
120159005350,VICTORY RIDGE ACADEMY,POLK,501 BURNS AVE,LAKE WALES,FL,33853,27.914637,-81.582814,12105,Polk County,21
120159005714,CHAIN OF LAKES ELEMENTARY SCHOOL,POLK,7001 STATE HIGHWAY 653,WINTER HAVEN,FL,33884,27.955941,-81.678201,12105,Polk County,13
120159006951,LAUREL ELEMENTARY SCHOOL,POLK,1851 LAUREL AVE,POINCIANA,FL,34759,28.075394,-81.488623,12105,Polk County,31
120159006968,BOK ACADEMY,POLK,13895 HWY 27,LAKE WALES,FL,33859,27.823952,-81.592563,12105,Polk County,41
120159007029,LAKE ALFRED POLYTECH ACADEMY,POLK,925 BUENA VISTA DR N,LAKE ALFRED,FL,33850,28.105469,-81.728299,12105,Polk County,21
120159007262,SPESSARD L HOLLAND ELEMENTARY,POLK,2342 EF GRIFFIN RD,BARTOW,FL,33830,27.94837,-81.868981,12105,Polk County,41
120159007310,TENOROC HIGH SCHOOL,POLK,4905 SADDLE CREEK RD,LAKELAND,FL,33801,28.0723,-81.8599,12105,Polk County,21
120159007399,HORIZONS ELEMENTARY SCHOOL,POLK,1700 FOREST LAKE DR,DAVENPORT,FL,33837,28.16663,-81.629417,12105,Polk County,21
120159007586,HAINES CITY HEADSTART CENTER,POLK,1008 AVENUE D,HAINES CITY,FL,33844,28.120291,-81.622871,12105,Polk County,21
120159007600,WINTER HAVEN HEAD START,POLK,135 AVENUE Y NE,WINTER HAVEN,FL,33881,28.049774,-81.725305,12105,Polk County,21
120159007686,POLK VIRTUAL INSTRUCTION PROGRAM,POLK,604 S. CENTRAL AVE,LAKELAND,FL,33815,28.037481,-81.973021,12105,Polk County,12
120159007728,LAKELAND MONTESSORI MIDDLE SCHOOL,POLK,1124 N. LAKE PARKER AVE,LAKELAND,FL,33805,28.058188,-81.94129,12105,Polk County,12
120159007835,TRANSITION SCHOOL,POLK,1860 GIBBONS ST E,BARTOW,FL,33830,27.886546,-81.823486,12105,Polk County,31
120159007899,NEW BEGINNINGS HIGH SCHOOL,POLK,250 MAGNOLIA AVE SW,WINTER HAVEN,FL,33880,28.05799,-81.734281,12105,Polk County,13
120159007906,POLK PRE-COLLEGIATE ACADEMY,POLK,114 NORTH TENNESSEE AVE,LAKELAND,FL,33801,28.044531,-81.956493,12105,Polk County,12
120159007992,FRESH START COMMUNITY SCHOOL,POLK,910 LOWRY AVE,LAKELAND,FL,33801,28.0323,-81.911631,12105,Polk County,21
120159007994,POLK COUNTY SHERIFFS REGIONAL DETENTION CENTER,POLK,2390 BOB PHILLIPS RD,BARTOW,FL,33830,27.881411,-81.819562,12105,Polk County,41
120159008234,MAGNOLIA MONTESSORI ACADEMY,POLK,815 S. CENTRAL AVE,LAKELAND,FL,33815,28.035192,-81.974164,12105,Polk County,12
120159008246,POLK STATE LAKELAND GATEWAY TO COLLEGE COLLEGIATE HIGH SCHO,POLK,3425 WINTER LAKE RD,LAKELAND,FL,33803,27.990287,-81.889713,12105,Polk County,41
120159008317,POLK FULL TIME ESCHOOL,POLK,604 S. CENTRAL AVE,LAKELAND,FL,33815,28.037481,-81.973021,12105,Polk County,12
120159008417,CITRUS RIDGE A CIVICS ACADEMY,POLK,1775 SAND MINE RD,DAVENPORT,FL,33897,28.308888,-81.661509,12105,Polk County,23
120159008455,REAL ACADEMY (REACHING EVERY ADOLESCENT LEARNER),POLK,951 MOUNT AIRY AVE,LAKELAND,FL,33801,28.031387,-81.910958,12105,Polk County,21
120159008461,POLK GRAD ACADEMY,POLK,910 LOWRY AVE,LAKELAND,FL,33801,28.0323,-81.911631,12105,Polk County,21
120159008515,DISCOVERY HIGH SCHOOL,POLK,1000 N BUENA VISTA DR,LAKE ALFRED,FL,33850,28.112377,-81.724902,12105,Polk County,41
120159008572,CYPRESS JUNCTION MONTESSORI,POLK,220 5TH ST SW,WINTER HAVEN,FL,33880,28.020192,-81.731892,12105,Polk County,13
120159008671,MATER ACADEMY DAVENPORT,POLK,318 RONALD REAGAN PKWY,DAVENPORT,FL,33896,28.240577,-81.562173,12105,Polk County,41
120159008680,NAVIGATOR ACADEMY OF LEADERSHIP DAVENPORT,POLK,495 HOLLY HILL RD,DAVENPORT,FL,33837,28.162209,-81.632905,12105,Polk County,21
120159008685,DAVENPORT HIGH SCHOOL,POLK,4525 CR 547 N,DAVENPORT,FL,33837,28.226603,-81.587891,12105,Polk County,23
120159008690,EDWARD W BOK ACADEMY NORTH,POLK,401 N 4TH STREET,LAKE WALES,FL,33853,27.907058,-81.585887,12105,Polk County,21
120159008701,RIDGE TECHNICAL ACADEMY,POLK,7700 STATE ROAD 544,WINTER HAVEN,FL,33881,28.076588,-81.654236,12105,Polk County,13
120159008708,GIBBONS STREET PK CENTER,POLK,1860 GIBBONS ST E,BARTOW,FL,33830,27.886546,-81.823486,12105,Polk County,31
120159008733,MAYNARD A TRAVISS TECHNICAL ACADEMY,POLK,3225 WINTER LAKE RD,LAKELAND,FL,33803,27.996231,-81.893238,12105,Polk County,41
120159008736,LANGUAGE & LITERACY ACADEMY FOR LEARNING,POLK,330 AVE C SE,WINTER HAVEN,FL,33880,28.018,-81.723512,12105,Polk County,13
120159008762,ECKERD CONNECTS,POLK,1140 N COMBEE RD,LAKELAND,FL,33801,28.057447,-81.908651,12105,Polk County,21
120159008768,DAVENPORT ELEMENTARY,POLK,8 W PALMETTO ST,DAVENPORT,FL,33837,28.156958,-81.600663,12105,Polk County,21
120159008950,WILLOW OAK SCHOOL,POLK,4815 BAILEY ROAD,MULBERRY,FL,33860,27.930139,-82.013037,12105,Polk County,21
120159008951,BELLA CITTA,POLK,1915 S FLORAL AVE,BARTOW,FL,33214,28.274783,-81.657935,12105,Polk County,23
120159008952,MI ESCUELA MONTESSORI,POLK,2130 E. EDGEWOOD DRIVE,LAKELAND,FL,33803,28.013598,-81.919179,12105,Polk County,12
120159009036,SOUTH POINTE ELEMENTARY,POLK,9525 STATE HWY 653,WINTER HAVEN,FL,33884,27.924821,-81.670102,12105,Polk County,41
120159009037,BRIDGEPREP ACADEMY OF POLK,POLK,9875 SW 72 STREET,MIAMI,FL,33173,28.320714,-81.658211,12105,Polk County,23
120159010699,ELEMENTARY - N LAKELAND,POLK,3315 KATHLEEN ROAD,LAKELAND,FL,33810,28.0851,-81.995,12105,Polk County,21
120159010700,SCENIC TERRACE K-8,POLK,2799 SR 17,HAINES CITY,FL,33844,28.076209,-81.62008,12105,Polk County,21
120159010702,ECKERD CONNECTS STRIVE ACADEMY,POLK,1140 N COMBREE RD,LAKELAND,FL,33801,28.057447,-81.908651,12105,Polk County,21
120159010808,RCMA MULBERRY COMMUNITY ACADEMY,POLK,4438 ACADEMY DR,MULBERRY,FL,33860,27.925164,-82.036607,12105,Polk County,41
120159010809,MATER ACADEMY DAVENPORT MIDDLE SCHOOL,POLK,318 RONALD REAGAN PARKWAY,DAVENPORT,FL,33896,28.240577,-81.562173,12105,Polk County,41
120171001179,INDIAN TRAILS MIDDLE SCHOOL,SEMINOLE,415 TUSKAWILLA RD,WINTER SPRINGS,FL,32708,28.6875,-81.2638,12117,Seminole County,21
120171001862,BEAR LAKE ELEMENTARY SCHOOL,SEMINOLE,3399 GLEAVES CT,APOPKA,FL,32703,28.666639,-81.448895,12117,Seminole County,21
120171001863,ENGLISH ESTATES ELEMENTARY SCHOOL,SEMINOLE,299 OXFORD RD,FERN PARK,FL,32730,28.649005,-81.340284,12117,Seminole County,21
120171001864,GENEVA ELEMENTARY SCHOOL,SEMINOLE,275 1ST ST,GENEVA,FL,32732,28.738553,-81.114352,12117,Seminole County,41
120171001866,LAKE MARY ELEMENTARY SCHOOL,SEMINOLE,132 S COUNTRY CLUB RD,LAKE MARY,FL,32746,28.7549,-81.3234,12117,Seminole County,21
120171001867,LONGWOOD ELEMENTARY SCHOOL,SEMINOLE,840 ORANGE AVE,LONGWOOD,FL,32750,28.703209,-81.330963,12117,Seminole County,21
120171001868,MILWEE MIDDLE SCHOOL,SEMINOLE,1341 S RONALD REAGAN BLVD,LONGWOOD,FL,32750,28.680725,-81.346545,12117,Seminole County,21
120171001869,LAWTON ELEMENTARY SCHOOL,SEMINOLE,151 GRAHAM AVE,OVIEDO,FL,32765,28.668109,-81.210268,12117,Seminole County,21
120171001870,PINE CREST ELEMENTARY SCHOOL,SEMINOLE,405 W 27TH ST,SANFORD,FL,32773,28.777365,-81.26948,12117,Seminole County,13
120171001871,SANFORD MIDDLE SCHOOL,SEMINOLE,1700 S FRENCH AVE,SANFORD,FL,32771,28.7969,-81.2747,12117,Seminole County,13
120171001872,SEMINOLE HIGH SCHOOL,SEMINOLE,2701 RIDGEWOOD AVE,SANFORD,FL,32773,28.779445,-81.283002,12117,Seminole County,13
120171001873,MILLENNIUM MIDDLE SCHOOL,SEMINOLE,2330 E SR 46,SANFORD,FL,32771,28.78765,-81.242686,12117,Seminole County,21
120171001874,SOUTH SEMINOLE MIDDLE SCHOOL,SEMINOLE,101 S WINTER PARK DR,CASSELBERRY,FL,32707,28.660449,-81.319586,12117,Seminole County,21
120171001875,CASSELBERRY ELEMENTARY SCHOOL,SEMINOLE,1075 CRYSTAL BOWL CIR,CASSELBERRY,FL,32707,28.661007,-81.317297,12117,Seminole County,21
120171001877,WILSON ELEMENTARY SCHOOL,SEMINOLE,985 S ORANGE BLVD,SANFORD,FL,32771,28.801729,-81.362341,12117,Seminole County,21
120171001879,GOLDSBORO ELEMENTARY MAGNET,SEMINOLE,1300 W 20TH ST,SANFORD,FL,32771,28.795652,-81.282475,12117,Seminole County,13
120171001881,JACKSON HEIGHTS MIDDLE SCHOOL,SEMINOLE,41 ACADEMY AVE,OVIEDO,FL,32765,28.668189,-81.195055,12117,Seminole County,21
120171001882,MIDWAY ELEMENTARY SCHOOL,SEMINOLE,2368 BRISSON AVE,SANFORD,FL,32771,28.788551,-81.240598,12117,Seminole County,21
120171001883,ENDEAVOR SCHOOL,SEMINOLE,3010 OLD LAKE MARY RD,LAKE MARY,FL,32746,28.773891,-81.307622,12117,Seminole County,21
120171001884,WINTER SPRINGS ELEMENTARY SCHOOL,SEMINOLE,701 W STATE ROAD 434,WINTER SPRINGS,FL,32708,28.696858,-81.312483,12117,Seminole County,21
120171001885,SPRING LAKE ELEMENTARY SCHOOL,SEMINOLE,695 ORANGE AVE,ALTAMONTE SPRINGS,FL,32714,28.659801,-81.410045,12117,Seminole County,21
120171001886,OVIEDO HIGH SCHOOL,SEMINOLE,601 KING ST,OVIEDO,FL,32765,28.6732,-81.2185,12117,Seminole County,21
120171001887,LYMAN HIGH SCHOOL,SEMINOLE,865 S RONALD REAGAN BLVD,LONGWOOD,FL,32750,28.687316,-81.344086,12117,Seminole County,21
120171001888,LAKE BRANTLEY HIGH SCHOOL,SEMINOLE,991 SAND LAKE RD,ALTAMONTE SPRINGS,FL,32714,28.681886,-81.422562,12117,Seminole County,21
120171001889,TEAGUE MIDDLE SCHOOL,SEMINOLE,1350 MCNEIL RD,ALTAMONTE SPRINGS,FL,32714,28.65721,-81.43664,12117,Seminole County,21
120171001890,FOREST CITY ELEMENTARY SCHOOL,SEMINOLE,1010 SAND LAKE RD,ALTAMONTE SPRINGS,FL,32714,28.678157,-81.424586,12117,Seminole County,21
120171001891,RED BUG ELEMENTARY SCHOOL,SEMINOLE,4000 RED BUG LAKE RD,CASSELBERRY,FL,32707,28.648956,-81.28238,12117,Seminole County,21
120171001892,IDYLLWILDE ELEMENTARY SCHOOL,SEMINOLE,430 VIHLEN RD,SANFORD,FL,32771,28.792284,-81.309365,12117,Seminole County,21
120171001893,EASTBROOK ELEMENTARY SCHOOL,SEMINOLE,5525 TANGERINE AVE,WINTER PARK,FL,32792,28.620671,-81.293785,12117,Seminole County,21
120171001894,TUSKAWILLA MIDDLE SCHOOL,SEMINOLE,1801 TUSKAWILLA RD,OVIEDO,FL,32765,28.634123,-81.264737,12117,Seminole County,21
120171001895,LAKE HOWELL HIGH SCHOOL,SEMINOLE,4200 DIKE RD,WINTER PARK,FL,32792,28.637631,-81.273584,12117,Seminole County,21
120171001896,ALTAMONTE ELEMENTARY SCHOOL,SEMINOLE,525 PINEVIEW ST,ALTAMONTE SPRINGS,FL,32701,28.680908,-81.37174,12117,Seminole County,21
120171001897,SABAL POINT ELEMENTARY SCHOOL,SEMINOLE,960 WEKIVA SPRINGS RD,LONGWOOD,FL,32779,28.703792,-81.418762,12117,Seminole County,21
120171001898,WOODLANDS ELEMENTARY SCHOOL,SEMINOLE,1420 EE WILLIAMSON RD,LONGWOOD,FL,32750,28.715923,-81.371411,12117,Seminole County,21
120171001899,LAKE ORIENTA ELEMENTARY SCHOOL,SEMINOLE,612 NEWPORT AVE,ALTAMONTE SPRINGS,FL,32701,28.648131,-81.371309,12117,Seminole County,21
120171001900,STERLING PARK ELEMENTARY SCHOOL,SEMINOLE,905 EAGLE CIR S,CASSELBERRY,FL,32707,28.652388,-81.304738,12117,Seminole County,21
120171001901,WEKIVA ELEMENTARY SCHOOL,SEMINOLE,1450 E WEKIVA TRL,LONGWOOD,FL,32779,28.687973,-81.440262,12117,Seminole County,21
120171001997,RAINBOW ELEMENTARY SCHOOL,SEMINOLE,1412 RAINBOW TRL,WINTER SPRINGS,FL,32708,28.653459,-81.253349,12117,Seminole County,21
120171002103,ROCK LAKE MIDDLE SCHOOL,SEMINOLE,250 SLADE DR,LONGWOOD,FL,32750,28.705046,-81.371171,12117,Seminole County,21
120171002261,LAKE MARY HIGH SCHOOL,SEMINOLE,655 LONGWOOD LAKE MARY RD,LAKE MARY,FL,32746,28.736651,-81.336695,12117,Seminole County,21
120171002410,KEETH ELEMENTARY SCHOOL,SEMINOLE,425 TUSKAWILLA RD,WINTER SPRINGS,FL,32708,28.685344,-81.263881,12117,Seminole County,21
120171002464,HAMILTON ELEMENTARY SCHOOL,SEMINOLE,1501 E 8TH ST,SANFORD,FL,32771,28.804832,-81.253135,12117,Seminole County,13
120171002533,CROOMS ACADEMY OF INFORMATION TECHNOLOGY,SEMINOLE,2200 W 13TH ST,SANFORD,FL,32771,28.801726,-81.29007,12117,Seminole County,13
120171002534,GREENWOOD LAKES MIDDLE SCHOOL,SEMINOLE,601 LAKE PARK DR,LAKE MARY,FL,32746,28.7357,-81.3407,12117,Seminole County,21
120171002535,HOSPITAL HOMEBOUND PROGRAM,SEMINOLE,400 E LAKE MARY BLVD,SANFORD,FL,32773,28.75788,-81.284129,12117,Seminole County,13
120171002636,STENSTROM ELEMENTARY SCHOOL,SEMINOLE,1800 ALAFAYA WOODS BLVD,OVIEDO,FL,32765,28.654003,-81.191011,12117,Seminole County,21
120171002905,HEATHROW ELEMENTARY SCHOOL,SEMINOLE,5715 MARKHAM WOODS RD,LAKE MARY,FL,32746,28.782975,-81.382939,12117,Seminole County,21
120171002906,PARTIN ELEMENTARY SCHOOL,SEMINOLE,1500 TWIN RIVERS BLVD,OVIEDO,FL,32766,28.6497,-81.1562,12117,Seminole County,21
120171002964,TAPP CHILDCARE CENTER,SEMINOLE,1211 S MELLONVILLE AVE,SANFORD,FL,32771,28.802675,-81.25452,12117,Seminole County,13
120171003125,HIGHLANDS ELEMENTARY SCHOOL,SEMINOLE,1600 SHEPARD RD,WINTER SPRINGS,FL,32708,28.716543,-81.317692,12117,Seminole County,21
120171003126,CARILLON ELEMENTARY SCHOOL,SEMINOLE,3200 LOCKWOOD BLVD,OVIEDO,FL,32765,28.625618,-81.181954,12117,Seminole County,21
120171003268,HOPPER CENTER,SEMINOLE,3010 OLD LAKE MARY RD,LAKE MARY,FL,32746,28.773891,-81.307622,12117,Seminole County,21
120171003269,WICKLOW ELEMENTARY SCHOOL,SEMINOLE,100 PLACID LAKE DR,SANFORD,FL,32773,28.779463,-81.294899,12117,Seminole County,13
120171003270,WINTER SPRINGS HIGH SCHOOL,SEMINOLE,130 TUSKAWILLA RD,WINTER SPRINGS,FL,32708,28.703862,-81.265473,12117,Seminole County,21
120171003510,SCPS CONSEQUENCE UNIT,SEMINOLE,1151 E 28TH ST,SANFORD,FL,32773,28.776996,-81.255173,12117,Seminole County,13
120171003668,JOHN POLK ALTERNATIVE SCHOOL,SEMINOLE,400 E LAKE MARY BLVD,SANFORD,FL,32773,28.748076,-81.299633,12117,Seminole County,13
120171003801,BENTLEY ELEMENTARY SCHOOL,SEMINOLE,2190 S OREGON AVE,SANFORD,FL,32771,28.794735,-81.330415,12117,Seminole County,13
120171003802,UCP SEMINOLE CHILD DEVELOPMENT,SEMINOLE,756 N SUN DR,LAKE MARY,FL,32746,28.758111,-81.351246,12117,Seminole County,21
120171003803,CHOICES IN LEARNING CHARTER,SEMINOLE,1100 EAST STATE ROAD 434,WINTER SPRINGS,FL,32708,28.705858,-81.271455,12117,Seminole County,21
120171003804,CONTRACTED SERVICES,SEMINOLE,400 E LAKE MARY BLVD,SANFORD,FL,32773,28.75788,-81.284129,12117,Seminole County,13
120171004009,WALKER ELEMENTARY SCHOOL,SEMINOLE,3101 SNOW HILL RD,CHULUOTA,FL,32766,28.647855,-81.127912,12117,Seminole County,21
120171004010,LAYER ELEMENTARY SCHOOL,SEMINOLE,4201 SR 419,WINTER SPRINGS,FL,32708,28.706657,-81.29368,12117,Seminole County,41
120171004449,EVANS ELEMENTARY SCHOOL,SEMINOLE,100 E CHAPMAN RD,OVIEDO,FL,32765,28.642082,-81.204944,12117,Seminole County,21
120171004450,CHILES MIDDLE SCHOOL,SEMINOLE,1240 SANCTUARY DR,OVIEDO,FL,32766,28.653018,-81.154986,12117,Seminole County,21
120171005390,MARKHAM WOODS MIDDLE SCHOOL,SEMINOLE,6003 MARKHAM WOODS RD,LAKE MARY,FL,32746,28.7853,-81.3829,12117,Seminole County,21
120171005391,CRYSTAL LAKE ELEMENTARY SCHOOL,SEMINOLE,231 RINEHART RD,LAKE MARY,FL,32746,28.761809,-81.344176,12117,Seminole County,21
120171005736,HAGERTY HIGH SCHOOL,SEMINOLE,3225 LOCKWOOD BLVD,OVIEDO,FL,32765,28.625209,-81.178051,12117,Seminole County,21
120171007695,SEMINOLE VIRTUAL INSTRUCTION PROGRAM (SVIP),SEMINOLE,400 E LAKE MARY BLVD,SANFORD,FL,32773,28.73574,-81.362911,12117,Seminole County,21
120171007703,SEMINOLE COUNTY VIRTUAL FRANCHISE (SCVS),SEMINOLE,450 TECHNOLOGY PARK,LAKE MARY,FL,32746,28.73574,-81.362911,12117,Seminole County,21
120171007721,JOURNEYS ACADEMY,SEMINOLE,1722 W AIRPORT BLVD,SANFORD,FL,32771,28.787471,-81.295548,12117,Seminole County,13
120171007937,GALILEO SCHOOL FOR GIFTED LEARNING,SEMINOLE,3900 E STATE ROAD 46,SANFORD,FL,32771,28.787743,-81.217534,12117,Seminole County,21
120171008113,SEMINOLE ACADEMY OF DIGITAL LEARNING,SEMINOLE,450 TECHNOLOGY PARK,LAKE MARY,FL,32746,28.73574,-81.362911,12117,Seminole County,21
120171008121,SEMINOLE COUNTY DETENTION CENTER,SEMINOLE,400 E LAKE MARY BLVD,SANFORD,FL,32773,28.748039,-81.294594,12117,Seminole County,13
120171008303,SCPS EARLY LEARNING CENTER,SEMINOLE,1101 BAY AVE,SANFORD,FL,32771,28.802006,-81.257015,12117,Seminole County,13
120171008494,SEMINOLE SCIENCE CHARTER SCHOOL,SEMINOLE,3580 N US HIGHWAY 17-92,LAKE MARY,FL,32746,28.73503,-81.306998,12117,Seminole County,21
120171008899,GALILEO SCHOOL FOR GIFTED LEARNING SKYWAY,SEMINOLE,3755 SKYWAY DR,SANFORD,FL,32773,28.756394,-81.221954,12117,Seminole County,41
120171009042,ELEVATION HIGH SCHOOL,SEMINOLE,4243 N US HIGHWAY 17-92,SANFORD,FL,32773,28.740717,-81.298908,12117,Seminole County,13
