state_school_id,school_name,nces_id,district,county,school_type,latitude,longitude,geocode_address
350031,BEVERLY SHORES ELEMENTARY SCHOOL,120105001087,LAKE,LAKE,Elementary,28.829419,-81.882624,"1108 GRIFFIN RD, LEESBURG, FL 34748"
350035,LAKE SUCCESS ELEMENTARY SCHOOL,120105010775,LAKE,LAKE,Elementary,28.839152,-81.688586,"310 W TAYLOR AVE, EUSTIS, FL 32726"
350061,EUSTIS ELEMENTARY SCHOOL,120105001090,LAKE,LAKE,Elementary,28.851231,-81.677797,"714 E CITRUS AVE, EUSTIS, FL 32726"
350067,SAWGRASS BAY ELEMENTARY SCHOOL,120105007372,LAKE,LAKE,Elementary,28.404916,-81.687684,"16325 SUPERIOR BLVD, CLERMONT, FL 34714"
350068,GRASSY LAKE ELEMENTARY SCHOOL,120105006998,LAKE,LAKE,Elementary,28.583957,-81.729389,"1100 FOSGATE RD, MINNEOLA, FL 34715"
350069,SORRENTO ELEMENTARY,120105007655,LAKE,LAKE,Elementary,28.816374,-81.550119,"24605 WALLICK RD, SORRENTO, FL 32776"
350071,EUSTIS HEIGHTS ELEMENTARY SCHOOL,120105001091,LAKE,LAKE,Elementary,28.839152,-81.688586,"310 W TAYLOR AVE, EUSTIS, FL 32726"
350080,EAST RIDGE MIDDLE SCHOOL,120105007239,LAKE,LAKE,Middle/Junior,28.538573,-81.719881,"13201 EXCALIBUR RD, CLERMONT, FL 34711"
350081,EUSTIS HIGH SCHOOL,120105001092,LAKE,LAKE,Senior High,28.846901,-81.672234,"1300 E WASHINGTON AVE, EUSTIS, FL 32726"
350101,FRUITLAND PARK ELEMENTARY SCHOOL,120105001093,LAKE,LAKE,Elementary,28.859799,-81.909747,"304 W FOUNTAIN ST, FRUITLAND PARK, FL 34731"
350113,GRAY MIDDLE SCHOOL,120105001095,LAKE,LAKE,Middle/Junior,28.556791,-81.855205,"205 E MAGNOLIA ST, GROVELAND, FL 34736"
350119,THE VILLAGES ELEMENTARY OF LADY LAKE SCHOOL,120105003593,LAKE,LAKE,Elementary,28.930106,-81.935593,"695 ROLLING ACRES RD, LADY LAKE, FL 32159"
350141,SEMINOLE SPRINGS ELEMENTARY SCHOOL,120105002659,LAKE,LAKE,Elementary,28.858108,-81.525543,"26200 W HUFF RD, EUSTIS, FL 32736"
350149,ROUND LAKE CHARTER SCHOOL,120105004364,LAKE,LAKE,Combination,28.805425,-81.59425,"31333 ROUND LAKE RD, MOUNT DORA, FL 32757"
350161,LEESBURG HIGH SCHOOL,120105001097,LAKE,LAKE,Senior High,28.807719,-81.8887,"1401 YELLOW JACKET WAY, LEESBURG, FL 34748"
350181,MT. DORA HIGH SCHOOL,120105001099,LAKE,LAKE,Senior High,28.802628,-81.63609,"700 N HIGHLAND ST, MOUNT DORA, FL 32757"
350211,TAVARES HIGH SCHOOL,120105001102,LAKE,LAKE,Senior High,28.806648,-81.728995,"603 N NEW HAMPSHIRE AVE, TAVARES, FL 32778"
350213,TAVARES MIDDLE SCHOOL,120105001103,LAKE,LAKE,Middle/Junior,28.770738,-81.741119,"1335 LANE PARK CUTOFF OFC, TAVARES, FL 32778"
350231,UMATILLA HIGH SCHOOL,120105001105,LAKE,LAKE,Senior High,28.930833,-81.664696,"320 N TROWELL AVE, UMATILLA, FL 32784"
350241,TREADWAY ELEMENTARY SCHOOL,120105001106,LAKE,LAKE,Elementary,28.84605,-81.780585,"10619 TREADWAY SCHOOL RD, LEESBURG, FL 34788"
350251,OAK PARK MIDDLE SCHOOL,120105001107,LAKE,LAKE,Middle/Junior,28.80187,-81.896992,"2101 SOUTH ST, LEESBURG, FL 34748"
350261,MINNEOLA CHARTER SCHOOL,120105001108,LAKE,LAKE,Combination,28.580001,-81.74116,"320 E PEARL ST, MINNEOLA, FL 34715"
350271,ASTATULA ELEMENTARY SCHOOL,120105001119,LAKE,LAKE,Elementary,28.572444,-81.885776,"460 MIDWAY AVE, MASCOTTE, FL 34753"
350281,LOST LAKE ELEMENTARY SCHOOL,120105003595,LAKE,LAKE,Elementary,28.524767,-81.722048,"1901 JOHNS LAKE RD, CLERMONT, FL 34711"
350291,LEESBURG ELEMENTARY SCHOOL,120105003980,LAKE,LAKE,Elementary,28.801356,-81.899326,"2229 SOUTH ST, LEESBURG, FL 34748"
350351,CARVER MIDDLE SCHOOL,120105001109,LAKE,LAKE,Middle/Junior,28.826969,-81.895073,"1200 N. BEECHER ST, LEESBURG, FL 34748"
350382,GROVELAND ELEMENTARY SCHOOL,120105002074,LAKE,LAKE,Elementary,28.553767,-81.845667,"930 PARKWOOD AVE, GROVELAND, FL 34736"
350411,MT. DORA MIDDLE SCHOOL,120105001114,LAKE,LAKE,Middle/Junior,28.808807,-81.631741,"1405 LINCOLN AVE, MOUNT DORA, FL 32757"
350431,LAKE POINTE ACADEMY,120105008934,LAKE,LAKE,Combination,28.360566,-81.674678,"801 CAGAN VIEW RD, CLERMONT, FL 34714"
350471,AURELIA M. COLE ACADEMY,120105009018,LAKE,LAKE,Combination,28.558857,-81.755052,"301 EAST AVENUE, CLERMONT, FL 34711"
350481,WINDY HILL MIDDLE SCHOOL,120105003596,LAKE,LAKE,Middle/Junior,28.513612,-81.705684,"3575 HANCOCK RD, CLERMONT, FL 34711"
350521,TRIANGLE ELEMENTARY SCHOOL,120105001116,LAKE,LAKE,Elementary,28.812329,-81.676043,"1707 EUDORA RD, MOUNT DORA, FL 32757"
350541,MASCOTTE CHARTER SCHOOL,120105001119,LAKE,LAKE,Elementary,28.572444,-81.885776,"460 MIDWAY AVE, MASCOTTE, FL 34753"
350551,TAVARES ELEMENTARY SCHOOL,120105001120,LAKE,LAKE,Elementary,28.8103,-81.72049,"720 E CLIFFORD ST, TAVARES, FL 32778"
350561,UMATILLA ELEMENTARY SCHOOL,120105004365,LAKE,LAKE,Elementary,28.937414,-81.671967,"401 LAKE ST, UMATILLA, FL 32784"
350571,UMATILLA MIDDLE SCHOOL,120105001121,LAKE,LAKE,Middle/Junior,28.928332,-81.660024,"305 E LAKE ST, UMATILLA, FL 32784"
350591,PINE RIDGE ELEMENTARY SCHOOL,120105004105,LAKE,LAKE,Elementary,28.495628,-81.786718,"10245 COUNTY ROAD 561, CLERMONT, FL 34711"
350597,CYPRESS RIDGE ELEMENTARY SCHOOL,120105003074,LAKE,LAKE,Elementary,28.559377,-81.757012,"350 EAST AVE, CLERMONT, FL 34711"
350631,SPRING CREEK CHARTER SCHOOL,120105001702,LAKE,LAKE,Combination,28.995365,-81.541992,"44440 SPRING CREEK RD, PAISLEY, FL 32767"
350697,EUSTIS MIDDLE SCHOOL,120105003195,LAKE,LAKE,Middle/Junior,28.859487,-81.645381,"18725 BATES AVE, EUSTIS, FL 32736"
350701,SOUTH LAKE HIGH SCHOOL,120105001714,LAKE,LAKE,Senior High,28.574162,-81.816533,"15600 SILVER EAGLE RD, GROVELAND, FL 34736"
350801,EAST RIDGE HIGH SCHOOL,120105003868,LAKE,LAKE,Senior High,28.538869,-81.714007,"13322 EXCALIBUR RD, CLERMONT, FL 34711"
350901,LAKE MINNEOLA HIGH SCHOOL,120105007689,LAKE,LAKE,Senior High,28.580992,-81.722204,"101 N HANCOCK RD, MINNEOLA, FL 34715"
357004,LAKE VIRTUAL FRANCHISE,120105007880,LAKE,LAKE,Combination,28.835929,-81.688387,"200 W GOLF LINKS AVE, EUSTIS, FL 32726"
359027,PINECREST ACADEMY FOUR CORNERS,120105008819,LAKE,LAKE,Combination,28.362674,-81.678459,"6340 SUNSET DR, MIAMI, FL 33143"
359028,ALTOONA SCHOOL,120105003984,LAKE,LAKE,Elementary,28.969846,-81.646814,"42630 STATE ROAD 19, ALTOONA, FL 32702"
359031,IMAGINE SCHOOLS AT SOUTH LAKE,120105005598,LAKE,LAKE,Combination,28.500863,-81.703937,"2750 HARTWOOD MARSH RD, CLERMONT, FL 34711"
359039,PINECREST ACADEMY TAVARES,120105008894,LAKE,LAKE,Combination,28.825829,-81.706665,"2550 HUFFSTETLER DR, TAVARES, FL 32778"
359041,PINECREST LAKES ACADEMY,120105008588,LAKE,LAKE,Combination,28.569725,-81.722823,"14012 OLD HIGHWAY 50, MINNEOLA, FL 34711"
359061,PINECREST LAKES MIDDLE/HIGH ACADEMY,120105008895,LAKE,LAKE,Senior High,28.55188,-81.708293,"1250 N HANCOCK RD., CLERMONT, FL 34711"
490005,TOHOPEKALIGA HIGH SCHOOL,120147008622,OSCEOLA,OSCEOLA,Senior High,28.334639,-81.292876,"3675 BOGGY CREEK RD, KISSIMMEE, FL 34744"
490011,HARMONY COMMUNITY SCHOOL,120147007630,OSCEOLA,OSCEOLA,Elementary,28.201556,-81.154042,"3365 SCHOOLHOUSE RD, HARMONY, FL 34773"
490040,NARCOOSSEE MIDDLE SCHOOL,120147003632,OSCEOLA,OSCEOLA,Middle/Junior,28.327651,-81.23566,"2700 N NARCOOSSEE RD, SAINT CLOUD, FL 34771"
490041,DISCOVERY INTERMEDIATE SCHOOL,120147003633,OSCEOLA,OSCEOLA,Middle/Junior,28.169814,-81.498426,"5350 SAN MIGUEL RD, KISSIMMEE, FL 34758"
490042,KISSIMMEE ELEMENTARY SCHOOL,120147004398,OSCEOLA,OSCEOLA,Elementary,28.316443,-81.440468,"3700 W DONEGAN AVE, KISSIMMEE, FL 34741"
490043,NARCOOSSEE ELEMENTARY SCHOOL,120147007498,OSCEOLA,OSCEOLA,Elementary,28.3264,-81.234,"2690 N NARCOOSSEE RD, SAINT CLOUD, FL 34771"
490061,CENTRAL AVENUE ELEMENTARY SCHOOL,120147003749,OSCEOLA,OSCEOLA,Elementary,28.306876,-81.409037,"500 W COLUMBIA AVE, KISSIMMEE, FL 34741"
490071,HIGHLANDS ELEMENTARY SCHOOL,120147001468,OSCEOLA,OSCEOLA,Elementary,28.317864,-81.410527,"800 W DONEGAN AVE, KISSIMMEE, FL 34741"
490081,OSCEOLA HIGH SCHOOL,120147001469,OSCEOLA,OSCEOLA,Senior High,28.288272,-81.426549,"420 S THACKER AVE, KISSIMMEE, FL 34741"
490091,DENN JOHN MIDDLE SCHOOL,120147001470,OSCEOLA,OSCEOLA,Middle/Junior,28.310571,-81.376543,"2001 DENN JOHN LN, KISSIMMEE, FL 34744"
490101,THACKER AVENUE ELEMENTARY FOR INTERNATIONAL STUDIES,120147001471,OSCEOLA,OSCEOLA,Elementary,28.29529,-81.42308,"301 N THACKER AVE, KISSIMMEE, FL 34741"
490111,ST. CLOUD ELEMENTARY SCHOOL,120147001472,OSCEOLA,OSCEOLA,Elementary,28.23331,-81.300388,"2701 BUDINGER AVE, ST CLOUD, FL 34769"
490131,BRIDGEPREP ACADEMY OF ST.CLOUD,120147009034,OSCEOLA,OSCEOLA,Combination,28.230873,-81.316768,"9875 SW 72 STREET, MIAMI, FL 33173"
490149,RENAISSANCE CHARTER SCHOOL AT POINCIANA,120147008123,OSCEOLA,OSCEOLA,Combination,28.25253,-81.48968,"5125 ROBERT MCLANE BLVD, KISSIMMEE, FL 34758"
490152,FOUR CORNERS UPPER SCHOOL,120147008141,OSCEOLA,OSCEOLA,Combination,28.272904,-81.65296,"9160 BELLA CITTA BLVD, DAVENPORT, FL 33896"
490153,FLORIDA CYBER CHARTER ACADEMY AT OSCEOLA,120147008626,OSCEOLA,OSCEOLA,Combination,28.1578,-81.475994,"4851 KOA ST, KISSIMMEE, FL 34758"
490155,VICTORY CHARTER SCHOOL,120147008236,OSCEOLA,OSCEOLA,Combination,28.332981,-81.404428,"2880 N ORANGE BLOSSOM TRL, KISSIMMEE, FL 34744"
490163,MATER BRIGHTON LAKES,120147008352,OSCEOLA,OSCEOLA,Combination,28.200832,-81.441511,"3200 PLEASANT HILL RD, KISSIMMEE, FL 34746"
490171,RENAISSANCE CHARTER SCHOOL AT TAPESTRY,120147008498,OSCEOLA,OSCEOLA,Combination,28.32335,-81.427863,"2510 W CARROLL ST, KISSIMMEE, FL 34741"
490181,OSCEOLA SCIENCE CHARTER SCHOOL,120147008561,OSCEOLA,OSCEOLA,Combination,28.33134,-81.415446,"2849 N JOHN YOUNG PKWY, KISSIMMEE, FL 34741"
490182,LINCOLN-MARTI CHARTER SCHOOLS(OSCEOLA CAMPUS),120147008554,OSCEOLA,OSCEOLA,Elementary,28.30359,-81.352621,"2700 SW 8TH ST, MIAMI, FL 33135"
490183,SPORTS LEADERSHIP ARTS MANAGEMENT (SLAM),120147008627,OSCEOLA,OSCEOLA,Middle/Junior,28.297929,-81.363116,"611 LINE DR, KISSIMMEE, FL 34744"
490184,BRIDGEPREP ACADEMY OSCEOLA COUNTY,120147008626,OSCEOLA,OSCEOLA,Combination,28.1578,-81.475994,"4851 KOA ST, KISSIMMEE, FL 34758"
490185,MATER PALMS ACADEMY,120147008617,OSCEOLA,OSCEOLA,Combination,28.286667,-81.471362,"7901 NW 103RD ST, HIALEAH GARDENS, FL 33016"
490191,RENAISSANCE ACADEMY OF ARTS AND SCIENCES,120147008618,OSCEOLA,OSCEOLA,Combination,28.346058,-81.262212,"4480 BOGGY CREEK RD, KISSIMMEE, FL 34744"
490192,CREATIVE INSPIRATION JOURNEY SCHOOL OF ST CLOUD,120147008660,OSCEOLA,OSCEOLA,Combination,28.244519,-81.257153,"2030 OLD HICKORY TREE RD, SAINT CLOUD, FL 34772"
490201,ST. CLOUD HIGH SCHOOL,120147001473,OSCEOLA,OSCEOLA,Senior High,28.239717,-81.279378,"2000 BULLDOG LANE, ST CLOUD, FL 34769"
490202,MATER ACADEMY AT ST CLOUD,120147008659,OSCEOLA,OSCEOLA,Combination,28.249114,-81.230797,"6340 SUNSET DR, MIAMI, FL 33143"
490203,VICTORY CHARTER SCHOOL K-5,120147008886,OSCEOLA,OSCEOLA,Elementary,28.332981,-81.404428,"2880 N. ORANGE BLOSSOM TRAIL, KISSIMMEE, FL 34741"
490251,KISSIMMEE MIDDLE SCHOOL,120147003097,OSCEOLA,OSCEOLA,Middle/Junior,28.316635,-81.43773,"2410 DYER BLVD, KISSIMMEE, FL 34741"
490252,HARMONY MIDDLE SCHOOL,120147008646,OSCEOLA,OSCEOLA,Middle/Junior,28.18338,-81.153969,"3725 ARTHUR J GALLAGHER BLVD, ST. CLOUD, FL 34771"
490271,MICHIGAN AVENUE ELEMENTARY SCHOOL,120147001474,OSCEOLA,OSCEOLA,Elementary,28.237258,-81.275271,"2015 S MICHIGAN AVE, SAINT CLOUD, FL 34769"
490272,ST. CLOUD MIDDLE SCHOOL,120147001475,OSCEOLA,OSCEOLA,Middle/Junior,28.23791,-81.275281,"1975 S MICHIGAN AVE, ST CLOUD, FL 34769"
490300,KOA ELEMENTARY SCHOOL,120147007621,OSCEOLA,OSCEOLA,Elementary,28.15516,-81.48678,"5000 KOA ST, KISSIMMEE, FL 34758"
490301,REEDY CREEK ELEMENTARY SCHOOL,120147002231,OSCEOLA,OSCEOLA,Elementary,28.228235,-81.48905,"5100 EAGLES TRL, KISSIMMEE, FL 34758"
490302,WESTSIDE K-8 SCHOOL,120147007628,OSCEOLA,OSCEOLA,Combination,28.318197,-81.64745,"2551 WESTSIDE BLVD, KISSIMMEE, FL 34747"
490311,NEPTUNE MIDDLE SCHOOL,120147002672,OSCEOLA,OSCEOLA,Middle/Junior,28.258897,-81.334005,"2727 NEPTUNE RD, KISSIMMEE, FL 34744"
490321,VENTURA ELEMENTARY SCHOOL,120147002675,OSCEOLA,OSCEOLA,Elementary,28.334232,-81.343686,"275 WATERS EDGE DR, KISSIMMEE, FL 34743"
490341,HORIZON MIDDLE SCHOOL,120147003008,OSCEOLA,OSCEOLA,Middle/Junior,28.243612,-81.463992,"2020 HAM BROWN RD, KISSIMMEE, FL 34746"
490401,BOGGY CREEK ELEMENTARY SCHOOL,120147002357,OSCEOLA,OSCEOLA,Elementary,28.327625,-81.361984,"810 FLORIDA PKWY, KISSIMMEE, FL 34743"
490501,HICKORY TREE ELEMENTARY SCHOOL,120147002448,OSCEOLA,OSCEOLA,Elementary,28.233023,-81.255003,"2355 OLD HICKORY TREE RD, SAINT CLOUD, FL 34772"
490601,GATEWAY HIGH SCHOOL,120147002476,OSCEOLA,OSCEOLA,Senior High,28.295111,-81.359642,"93 PANTHER PAWS TRL, KISSIMMEE, FL 34744"
490701,MILL CREEK ELEMENTARY SCHOOL,120147002575,OSCEOLA,OSCEOLA,Elementary,28.313846,-81.376395,"1700 MILL SLOUGH RD, KISSIMMEE, FL 34744"
490711,CELEBRATION K-8,120147003098,OSCEOLA,OSCEOLA,Combination,28.319706,-81.544783,"510 CAMPUS ST, CELEBRATION, FL 34747"
490801,LAKEVIEW ELEMENTARY SCHOOL,120147002576,OSCEOLA,OSCEOLA,Elementary,28.254419,-81.302042,"2900 5TH ST, SAINT CLOUD, FL 34769"
490811,PLEASANT HILL ELEMENTARY SCHOOL,120147002622,OSCEOLA,OSCEOLA,Elementary,28.272729,-81.432885,"1801 JACK CALHOUN DR, KISSIMMEE, FL 34741"
490821,PARKWAY MIDDLE SCHOOL,120147002623,OSCEOLA,OSCEOLA,Middle/Junior,28.327879,-81.368364,"857 FLORIDA PKWY, KISSIMMEE, FL 34743"
490831,DEERWOOD ELEMENTARY SCHOOL,120147002865,OSCEOLA,OSCEOLA,Elementary,28.181641,-81.486487,"3701 MARIGOLD AVE, KISSIMMEE, FL 34758"
490841,POINCIANA HIGH SCHOOL,120147002866,OSCEOLA,OSCEOLA,Senior High,28.234709,-81.4902,"2300 S POINCIANA BLVD, KISSIMMEE, FL 34758"
490842,LIBERTY HIGH SCHOOL,120147007417,OSCEOLA,OSCEOLA,Senior High,28.162646,-81.442049,"4250 PLEASANT HILL RD, KISSIMMEE, FL 34746"
490851,CYPRESS ELEMENTARY SCHOOL,120147000913,OSCEOLA,OSCEOLA,Elementary,28.311722,-81.351308,"2251 LAKESIDE DR, KISSIMMEE, FL 34743"
490852,ACADEMIR PREPARATORY OF CHAMPIONSGATE,120147010796,OSCEOLA,OSCEOLA,Elementary,28.274482,-81.621027,"5420 SW 157TH AVE #5, MIAMI, FL 33185"
490853,NEW DIMENSIONS HIGH SCHOOL,120147003467,OSCEOLA,OSCEOLA,Senior High,28.140087,-81.447912,"4900 OLD PLEASNT HILL RD, KISSIMMEE, FL 34759"
490862,PROFESSIONAL & TECHNICAL HIGH SCHOOL,120147003634,OSCEOLA,OSCEOLA,Senior High,28.298625,-81.349596,"501 SIMPSON RD, KISSIMMEE, FL 34744"
490863,FOUR CORNERS CHARTER SCHOOL,120147004401,OSCEOLA,OSCEOLA,Elementary,28.295415,-81.651871,"9100 TEACHER LN, DAVENPORT, FL 33897"
490866,KISSIMMEE CHARTER ACADEMY,120147004402,OSCEOLA,OSCEOLA,Combination,28.330794,-81.378094,"2850 BILL BECK BLVD, KISSIMMEE, FL 34744"
490881,P. M. WELLS CHARTER ACADEMY,120147003750,OSCEOLA,OSCEOLA,Combination,28.280398,-81.331607,"2426 REMINGTON BLVD, KISSIMMEE, FL 34744"
490901,POINCIANA ACADEMY OF FINE ARTS,120147003889,OSCEOLA,OSCEOLA,Elementary,28.165742,-81.501644,"4201 RHODODENDRON AVE, KISSIMMEE, FL 34758"
490902,CELEBRATION HIGH SCHOOL,120147004118,OSCEOLA,OSCEOLA,Senior High,28.298758,-81.568911,"1809 CELEBRATION BLVD, CELEBRATION, FL 34747"
490903,ISLAND VILLAGE ELEMENTARY SCHOOL,120147010690,OSCEOLA,OSCEOLA,Elementary,28.288969,-81.583222,"2050 CELEBRATION BLVD, KISSIMMEE, FL 34747"
490904,PARTIN SETTLEMENT ELEMENTARY SCHOOL,120147003890,OSCEOLA,OSCEOLA,Elementary,28.280753,-81.329587,"2434 REMINGTON BLVD, KISSIMMEE, FL 34744"
490921,OSCEOLA COUNTY SCHOOL FOR THE ARTS,120147004119,OSCEOLA,OSCEOLA,Combination,28.341481,-81.401757,"3151 N ORANGE BLOSSOM TRL, KISSIMMEE, FL 34744"
490922,HARMONY HIGH SCHOOL,120147004013,OSCEOLA,OSCEOLA,Senior High,28.18792,-81.152904,"3601 ARTHUR J GALLAGHER BLVD, HARMONY, FL 34771"
490931,FLORA RIDGE ELEMENTARY SCHOOL,120147005055,OSCEOLA,OSCEOLA,Elementary,28.333047,-81.436039,"2900 DYER BLVD, KISSIMMEE, FL 34741"
490932,BELLALAGO CHARTER ACADEMY,120147004012,OSCEOLA,OSCEOLA,Combination,28.186058,-81.437279,"3651 PLEASANT HILL RD, KISSIMMEE, FL 34746"
490933,NEPTUNE ELEMENTARY SCHOOL,120147007373,OSCEOLA,OSCEOLA,Elementary,28.247657,-81.326984,"1200 BETSY ROSS LN, SAINT CLOUD, FL 34769"
490957,CHESTNUT ELEMENTARY SCHOOL FOR SCIENCE AND ENGINEERING,120147005655,OSCEOLA,OSCEOLA,Elementary,28.110019,-81.454625,"4300 CHESTNUT ST, KISSIMMEE, FL 34759"
490958,SUNRISE ELEMENTARY SCHOOL,120147005656,OSCEOLA,OSCEOLA,Elementary,28.248057,-81.460952,"1925 HAM BROWN RD, KISSIMMEE, FL 34746"
490961,EAST LAKE ELEMENTARY SCHOOL,120147007895,OSCEOLA,OSCEOLA,Elementary,28.33454,-81.281298,"4001 BOGGY CREEK RD, KISSIMMEE, FL 34744"
490962,NEOCITY ACADEMY,120147008640,OSCEOLA,OSCEOLA,Senior High,28.29073,-81.371603,"195 NEOCITY WAY, KISSIMMEE, FL 34744"
490971,MATER BRIGHTON LAKES ACADEMY PREPARATORY HIGH,120147008767,OSCEOLA,OSCEOLA,Senior High,28.200227,-81.441502,"3250 PLEASANT HILL ROAD, KISSIMMEE, FL 34746"
490991,CANOE CREEK K-8,120147008947,OSCEOLA,OSCEOLA,Combination,28.185518,-81.290632,"3600 CANOE CREEK ROAD, ST. CLOUD, FL 34772"
492941,KNIGHTS POINT K-8,120147010797,OSCEOLA,OSCEOLA,Combination,28.269812,-81.481167,"817 BILL BECK BLVD, KISSIMMEE, FL 34744"
492942,VOYAGER K-8,120147010798,OSCEOLA,OSCEOLA,Combination,28.33848,-81.171199,"817 BILL BECK BLVD, KISSIMMEE, FL 34744"
497004,OSCEOLA VIRTUAL FRANCHISE (SECONDARY),120147005802,OSCEOLA,OSCEOLA,Combination,28.240001,-81.276249,"1907 MICHIGAN AVENUE, ST CLOUD, FL 34769"
530031,LAKELAND SENIOR HIGH SCHOOL,120159001703,POLK,POLK,Senior High,28.035502,-81.939837,"726 HOLLINGSWORTH RD, LAKELAND, FL 33801"
530043,LAWTON CHILES MIDDLE ACADEMY,120159003015,POLK,POLK,Middle/Junior,28.04824,-81.957666,"400 FLORIDA AVE N, LAKELAND, FL 33801"
530051,SOUTHWEST MIDDLE SCHOOL,120159001705,POLK,POLK,Middle/Junior,28.012362,-81.964104,"2815 EDEN PKWY, LAKELAND, FL 33803"
530061,CARLTON PALMORE ELEMENTARY SCHOOL,120159001706,POLK,POLK,Elementary,27.995858,-81.949635,"3725 CLEVELND HTS BLVD, LAKELAND, FL 33803"
530081,CLEVELAND COURT ELEMENTARY SCHOOL,120159001708,POLK,POLK,Elementary,28.012104,-81.954079,"328 EDGEWOOD DR E, LAKELAND, FL 33803"
530091,COMBEE ACADEMY OF DESIGN AND ENGINEERING,120159001709,POLK,POLK,Elementary,28.06183,-81.90234,"2805 MORGAN COMBEE RD, LAKELAND, FL 33801"
530101,CRYSTAL LAKE ELEMENTARY SCHOOL,120159001710,POLK,POLK,Elementary,28.03435,-81.912515,"700 GALVIN DR, LAKELAND, FL 33801"
530131,DIXIELAND ELEMENTARY SCHOOL,120159001712,POLK,POLK,Elementary,28.025517,-81.96073,"416 ARIANA ST, LAKELAND, FL 33803"
530141,SOUTH POINTE ELEMENTARY,120159009036,POLK,POLK,Elementary,27.924821,-81.670102,"9525 STATE HWY 653, WINTER HAVEN, FL 33884"
530151,PHILIP O'BRIEN ELEMENTARY SCHOOL,120159001713,POLK,POLK,Elementary,28.039857,-81.939316,"1225 LIME ST E, LAKELAND, FL 33801"
530181,MEDULLA ELEMENTARY SCHOOL,120159001715,POLK,POLK,Elementary,27.966923,-81.970624,"850 SCHOOLHOUSE RD, LAKELAND, FL 33813"
530191,R. BRUCE WAGNER ELEMENTARY SCHOOL,120159003923,POLK,POLK,Elementary,27.966456,-82.010517,"5500 YATES RD, LAKELAND, FL 33811"
530201,NORTH LAKELAND ELEMENTARY SCHOOL OF CHOICE,120159001716,POLK,POLK,Elementary,28.08328,-81.960456,"410 ROBSON ST W, LAKELAND, FL 33805"
530231,SOUTHWEST ELEMENTARY SCHOOL,120159001717,POLK,POLK,Elementary,28.014401,-81.959527,"2650 SOUTHWEST AVE, LAKELAND, FL 33803"
530251,LINCOLN AVENUE ACADEMY,120159001718,POLK,POLK,Elementary,28.061458,-81.966067,"1330 LINCOLN AVE N, LAKELAND, FL 33805"
530261,ROCHELLE SCHOOL OF THE ARTS,120159001719,POLK,POLK,Combination,28.064299,-81.960285,"1501 MARTIN L KING JR AVE, LAKELAND, FL 33805"
530311,DANIEL JENKINS ACADEMY OF TECHNOLOGY MIDDLE SCHOOL,120159004435,POLK,POLK,Middle/Junior,28.103075,-81.625925,"701 LEDWITH AVE, HAINES CITY, FL 33844"
530321,SHELLEY S. BOONE MIDDLE SCHOOL,120159001721,POLK,POLK,Middle/Junior,28.10173,-81.612581,"225 22ND ST S, HAINES CITY, FL 33844"
530331,ALTA VISTA ELEMENTARY SCHOOL,120159001722,POLK,POLK,Elementary,28.085564,-81.624432,"801 SCENIC HWY S, HAINES CITY, FL 33844"
530341,SANDHILL ELEMENTARY SCHOOL,120159004436,POLK,POLK,Elementary,28.042653,-81.561063,"1801 TYNER RD, HAINES CITY, FL 33844"
530361,EASTSIDE ELEMENTARY SCHOOL,120159001723,POLK,POLK,Elementary,28.114848,-81.615818,"1820 JOHNSON AVE E, HAINES CITY, FL 33844"
530391,BETHUNE ACADEMY,120159001724,POLK,POLK,Elementary,28.12191,-81.623997,"900 AVENUE F, HAINES CITY, FL 33844"
530401,DAVENPORT SCHOOL OF THE ARTS,120159001725,POLK,POLK,Combination,28.228305,-81.584553,"4751 COUNTY ROAD 547 N, DAVENPORT, FL 33837"
530441,RIDGEVIEW GLOBAL STUDIES ACADEMY,120159004437,POLK,POLK,Combination,28.246128,-81.646904,"1000 DUNSON RD, DAVENPORT, FL 33896"
530481,WINTER HAVEN SENIOR HIGH SCHOOL,120159001726,POLK,POLK,Senior High,28.013692,-81.717884,"600 6TH ST SE, WINTER HAVEN, FL 33880"
530491,DENISON MIDDLE SCHOOL,120159001727,POLK,POLK,Middle/Junior,28.020736,-81.721517,"400 AVENUE A SE, WINTER HAVEN, FL 33880"
530531,FRANK E. BRIGHAM ACADEMY,120159001728,POLK,POLK,Elementary,28.019732,-81.717669,"601 AVENUE C SE, WINTER HAVEN, FL 33880"
530571,WESTWOOD MIDDLE SCHOOL,120159001729,POLK,POLK,Middle/Junior,28.032085,-81.770317,"3520 AVENUE J NW, WINTER HAVEN, FL 33881"
530591,ELBERT ELEMENTARY SCHOOL,120159001730,POLK,POLK,Elementary,28.0237,-81.7033,"205 15TH ST NE, WINTER HAVEN, FL 33881"
530601,FRED G. GARNER ACADEMY,120159001731,POLK,POLK,Elementary,28.04425,-81.758651,"2500 HAVENDALE BLVD NW, WINTER HAVEN, FL 33881"
530611,INWOOD ELEMENTARY SCHOOL,120159001732,POLK,POLK,Elementary,28.029566,-81.754637,"2200 AVENUE G NW, WINTER HAVEN, FL 33880"
530621,LAKE SHIPP ELEMENTARY SCHOOL,120159001733,POLK,POLK,Elementary,27.997712,-81.750086,"250 CAMELLIA DR, WINTER HAVEN, FL 33880"
530631,JOHN SNIVELY ELEMENTARY,120159001734,POLK,POLK,Elementary,27.986319,-81.731942,"848 SNIVELY AVE, ELOISE, FL 33880"
530651,LAKE ALFRED ELEMENTARY SCHOOL,120159001735,POLK,POLK,Elementary,28.08886,-81.721694,"550 CUMMINGS ST E, LAKE ALFRED, FL 33850"
530681,WAHNETA ELEMENTARY SCHOOL,120159001737,POLK,POLK,Elementary,27.95376,-81.72179,"205 4TH ST E, WINTER HAVEN, FL 33880"
530711,JEWETT MIDDLE ACADEMY MAGNET,120159001739,POLK,POLK,Middle/Junior,28.044912,-81.71913,"601 MARTIN LUTHER KING JR BLVD NE, WINTER HAVEN, FL 33881"
530712,JEWETT SCHOOL OF THE ARTS,120159001740,POLK,POLK,Combination,28.046603,-81.716656,"2250 8TH ST NE, WINTER HAVEN, FL 33881"
530791,FORT MEADE MIDDLE/SENIOR HIGH SCHOOL,120159001743,POLK,POLK,Combination,27.760769,-81.783007,"700 EDGEWOOD DR N, FORT MEADE, FL 33841"
530802,LEWIS ANNA WOODBURY ELEMENTARY SCHOOL,120159004438,POLK,POLK,Elementary,27.744,-81.8025,"610 CHARLESTON AVE S, FORT MEADE, FL 33841"
530811,AUBURNDALE SENIOR HIGH SCHOOL,120159001745,POLK,POLK,Senior High,28.072287,-81.785864,"1 BLOODHOUND TRL, AUBURNDALE, FL 33823"
530821,JERE L. STAMBAUGH MIDDLE,120159002456,POLK,POLK,Middle/Junior,28.070834,-81.788055,"226 MAIN ST N, AUBURNDALE, FL 33823"
530841,LENA VISTA ELEMENTARY SCHOOL,120159001748,POLK,POLK,Elementary,28.069917,-81.818703,"925 BERKLEY RD, AUBURNDALE, FL 33823"
530851,AUBURNDALE CENTRAL ELEMENTARY SCHOOL,120159001749,POLK,POLK,Elementary,28.0605,-81.788,"320 LEMON ST, AUBURNDALE, FL 33823"
530861,WALTER CALDWELL ELEMENTARY SCHOOL,120159001750,POLK,POLK,Elementary,28.071181,-81.775603,"141 DAIRY RD, AUBURNDALE, FL 33823"
530881,POLK CITY ELEMENTARY SCHOOL,120159001752,POLK,POLK,Elementary,28.1818,-81.8234,"125 BOUGAINVILLEA AVE S, POLK CITY, FL 33868"
530901,BARTOW SENIOR HIGH SCHOOL,120159001753,POLK,POLK,Senior High,27.883881,-81.842397,"1270 BROADWAY AVE S, BARTOW, FL 33830"
530925,DAVENPORT ELEMENTARY,120159008768,POLK,POLK,Elementary,28.156958,-81.600663,"8 W PALMETTO ST, DAVENPORT, FL 33837"
530931,BARTOW MIDDLE SCHOOL,120159001754,POLK,POLK,Middle/Junior,27.879723,-81.840351,"550 CLOWER ST E, BARTOW, FL 33830"
530933,CHAIN OF LAKES ELEMENTARY SCHOOL,120159005714,POLK,POLK,Elementary,27.955941,-81.678201,"7001 STATE HIGHWAY 653, WINTER HAVEN, FL 33884"
530937,RIDGE COMMUNITY HIGH SCHOOL,120159004179,POLK,POLK,Senior High,28.150272,-81.629326,"500 ORCHID DR, DAVENPORT, FL 33837"
530941,BARTOW ELEMENTARY ACADEMY,120159001755,POLK,POLK,Elementary,27.89291,-81.841095,"590 WILSON AVE S, BARTOW, FL 33830"
530961,FLORAL AVENUE ELEMENTARY SCHOOL,120159001756,POLK,POLK,Elementary,27.8816,-81.8444,"1530 FLORAL AVE S, BARTOW, FL 33830"
530971,UNION ACADEMY,120159002457,POLK,POLK,Middle/Junior,27.892955,-81.821384,"1795 WABASH ST E, BARTOW, FL 33830"
531032,CITRUS RIDGE A CIVICS ACADEMY,120159008417,POLK,POLK,Combination,28.308888,-81.661509,"1775 SAND MINE RD, DAVENPORT, FL 33897"
531041,ALTURAS ELEMENTARY SCHOOL,120159001760,POLK,POLK,Elementary,27.872408,-81.712729,"420 4TH ST, ALTURAS, FL 33820"
531051,TENOROC HIGH SCHOOL,120159007310,POLK,POLK,Senior High,28.0723,-81.8599,"4905 SADDLE CREEK RD, LAKELAND, FL 33801"
531061,HIGHLAND CITY ELEMENTARY SCHOOL,120159001761,POLK,POLK,Elementary,27.966143,-81.883797,"5355 9TH STREET SE, HIGHLAND CITY, FL 33846"
531131,MULBERRY SENIOR HIGH SCHOOL,120159001762,POLK,POLK,Senior High,27.90054,-81.959785,"4TH CIRCLE NE, MULBERRY, FL 33860"
531141,PURCELL ELEMENTARY SCHOOL,120159001763,POLK,POLK,Elementary,27.897353,-81.972316,"305 1ST AVE NE, MULBERRY, FL 33860"
531161,MULBERRY MIDDLE SCHOOL,120159001765,POLK,POLK,Middle/Junior,27.890862,-81.964808,"500 DR MLK JR AVE SE, MULBERRY, FL 33860"
531181,KATHLEEN SENIOR HIGH SCHOOL,120159001766,POLK,POLK,Senior High,28.057368,-81.996099,"1100 RED DEVIL WAY, LAKELAND, FL 33815"
531191,KATHLEEN MIDDLE SCHOOL,120159001767,POLK,POLK,Middle/Junior,28.125318,-82.019483,"3627 KATHLEEN PNES, LAKELAND, FL 33810"
531221,KATHLEEN ELEMENTARY SCHOOL,120159001768,POLK,POLK,Elementary,28.127014,-82.018106,"3515 SHERETZ RD, LAKELAND, FL 33810"
531231,GRIFFIN ELEMENTARY SCHOOL,120159001769,POLK,POLK,Elementary,28.0851,-81.995,"3315 KATHLEEN RD, LAKELAND, FL 33810"
531241,JESSE KEEN ELEMENTARY SCHOOL,120159001770,POLK,POLK,Elementary,28.034579,-81.988839,"815 PLATEAU AVE, LAKELAND, FL 33815"
531251,WINSTON ACADEMY OF ENGINEERING,120159001771,POLK,POLK,Elementary,28.055547,-82.014292,"3415 SWINDELL RD, LAKELAND, FL 33810"
531271,SLEEPY HILL ELEMENTARY SCHOOL,120159005337,POLK,POLK,Elementary,28.094163,-81.995324,"2285 SLEEPY HILL RD, LAKELAND, FL 33810"
531281,HIGHLANDS GROVE ELEMENTARY SCHOOL,120159005338,POLK,POLK,Elementary,27.983043,-81.921542,"4510 LAKELAND HIGHLANDS RD, LAKELAND, FL 33813"
531341,MCLAUGHLIN ACADEMY OF EXCELLENCE,120159001773,POLK,POLK,Combination,27.887781,-81.584649,"800 4TH ST S, LAKE WALES, FL 33853"
531351,POLK AVENUE ELEMENTARY SCHOOL,120159001774,POLK,POLK,Elementary,27.896097,-81.588141,"110 POLK AVE E, LAKE WALES, FL 33853"
531361,HILLCREST ELEMENTARY SCHOOL,120159001775,POLK,POLK,Elementary,27.894959,-81.56761,"1051 STATE ROAD 60 E, LAKE WALES, FL 33853"
531362,HORIZONS ELEMENTARY SCHOOL,120159007399,POLK,POLK,Elementary,28.16663,-81.629417,"1700 FOREST LAKE DR, DAVENPORT, FL 33837"
531371,SPOOK HILL ELEMENTARY SCHOOL,120159001776,POLK,POLK,Elementary,27.910815,-81.584083,"321 DR JA WILTSHIRE AVE E, LAKE WALES, FL 33853"
531401,JANIE HOWARD WILSON SCHOOL,120159001778,POLK,POLK,Elementary,27.917774,-81.594042,"306 FLORIDA AVE, LAKE WALES, FL 33853"
531421,DALE R FAIR BABSON PARK ELEMENTARY,120159001779,POLK,POLK,Elementary,27.832412,-81.52727,"815 SCENIC HWY N, BABSON PARK, FL 33827"
531441,WILLOW OAK SCHOOL,120159008950,POLK,POLK,Elementary,27.930139,-82.013037,"4815 BAILEY ROAD, MULBERRY, FL 33860"
531451,EDGAR L. PADGETT ELEMENTARY,120159001780,POLK,POLK,Elementary,28.121766,-81.955128,"110 LEELON RD, LAKELAND, FL 33809"
531501,CRYSTAL LAKE MIDDLE SCHOOL,120159001782,POLK,POLK,Middle/Junior,28.028723,-81.9118,"2410 CRYSTAL LAKE DR N, LAKELAND, FL 33801"
531521,OSCAR J. POPE ELEMENTARY SCHOOL,120159001783,POLK,POLK,Elementary,28.0123,-81.904658,"2730 MAINE AVE, LAKELAND, FL 33801"
531601,BOK ACADEMY,120159006968,POLK,POLK,Middle/Junior,27.823952,-81.592563,"13895 HWY 27, LAKE WALES, FL 33859"
531611,LAUREL ELEMENTARY SCHOOL,120159006951,POLK,POLK,Elementary,28.075394,-81.488623,"1851 LAUREL AVE, POINCIANA, FL 34759"
531621,EDWARD W BOK ACADEMY NORTH,120159008690,POLK,POLK,Middle/Junior,27.907058,-81.585887,"401 N 4TH STREET, LAKE WALES, FL 33853"
531662,LAKE ALFRED POLYTECH ACADEMY,120159007029,POLK,POLK,Middle/Junior,28.105469,-81.728299,"925 BUENA VISTA DR N, LAKE ALFRED, FL 33850"
531671,MCKEEL ACADEMY OF TECHNOLOGY,120159001785,POLK,POLK,Combination,28.049843,-81.984249,"1810 PARKER ST W, LAKELAND, FL 33815"
531681,SCOTT LAKE ELEMENTARY SCHOOL,120159001786,POLK,POLK,Elementary,27.954411,-81.945105,"1140 COUNTY ROAD 540A E, LAKELAND, FL 33813"
531682,MCKEEL ACADEMY CENTRAL,120159004137,POLK,POLK,Elementary,28.048355,-81.956712,"411 FLORIDA AVE N, LAKELAND, FL 33801"
531692,SOUTH MCKEEL ACADEMY,120159005341,POLK,POLK,Elementary,28.01206,-81.914789,"2222 EDGEWOOD DR S, LAKELAND, FL 33803"
531701,EAGLE LAKE ELEMENTARY SCHOOL,120159001788,POLK,POLK,Elementary,27.973936,-81.765316,"400 CRYSTAL BEACH RD, EAGLE LAKE, FL 33839"
531702,PALMETTO ELEMENTARY SCHOOL,120159005342,POLK,POLK,Elementary,28.112912,-81.46037,"315 PALMETTO ST, POINCIANA, FL 34759"
531711,GARDEN GROVE ELEMENTARY SCHOOL,120159001789,POLK,POLK,Elementary,27.991009,-81.661559,"4599 CYPRESS GARDENS RD, WINTER HAVEN, FL 33884"
531721,LAKE WALES SENIOR HIGH SCHOOL,120159001790,POLK,POLK,Senior High,27.916765,-81.579455,"1 HIGHLANDER WAY, LAKE WALES, FL 33853"
531731,PINEWOOD ELEMENTARY SCHOOL,120159004440,POLK,POLK,Elementary,27.9832,-81.7417,"1400 GILBERT ST, EAGLE LAKE, FL 33839"
531751,JAMES E. STEPHENS ACADEMY,120159001791,POLK,POLK,Elementary,27.909966,-81.856193,"1350 MAPLE AVE N, BARTOW, FL 33830"
531761,LAKE GIBSON MIDDLE SCHOOL,120159001792,POLK,POLK,Middle/Junior,28.129271,-81.954518,"6901 SOCRUM LOOP RD N, LAKELAND, FL 33809"
531762,LAKE GIBSON SENIOR HIGH SCHOOL,120159002405,POLK,POLK,Senior High,28.134215,-81.955351,"7007 SOCRUM LOOP RD N, LAKELAND, FL 33809"
531771,LAKELAND HIGHLANDS MIDDLE SCHOOL,120159001793,POLK,POLK,Middle/Junior,27.975786,-81.951239,"740 LAKE MIRIAM DR, LAKELAND, FL 33813"
531781,DUNDEE ELEMENTARY ACADEMY,120159001794,POLK,POLK,Elementary,28.02672,-81.618153,"215 FREDERICK AVE, DUNDEE, FL 33838"
531791,HAINES CITY SENIOR HIGH SCHOOL,120159001795,POLK,POLK,Senior High,28.09853,-81.608192,"2800 HORNET DR, HAINES CITY, FL 33844"
531801,FROSTPROOF MIDDLE/SENIOR HIGH,120159001796,POLK,POLK,Combination,27.760863,-81.533293,"1000  PALM AVE N, FROSTPROOF, FL 33843"
531811,CLARENCE BOSWELL ELEMENTARY SCHOOL,120159002401,POLK,POLK,Elementary,28.035615,-81.826272,"2820 K VILLE AVE, AUBURNDALE, FL 33823"
531821,JAMES W. SIKES ELEMENTARY SCHOOL,120159002404,POLK,POLK,Elementary,27.939361,-81.999897,"2727 SHEPHERD RD, LAKELAND, FL 33811"
531831,LAKE MARION CREEK MIDDLE SCHOOL,120159005346,POLK,POLK,Middle/Junior,28.066236,-81.510953,"3055 LAKE MARION CREEK DR, POINCIANA, FL 34759"
531841,R. CLEM CHURCHWELL ELEMENTARY SCHOOL,120159002480,POLK,POLK,Elementary,28.149094,-81.988658,"8201 PARK BYRD RD, LAKELAND, FL 33810"
531851,DR. NE ROBERTS ELEMENTARY SCHOOL,120159003926,POLK,POLK,Elementary,28.126405,-81.987535,"6600 GREEN RD, LAKELAND, FL 33810"
531861,ROSABELLE W. BLAKE ACADEMY,120159003927,POLK,POLK,Combination,28.038458,-81.966006,"510 HARTSELL AVE, LAKELAND, FL 33815"
531881,WENDELL WATSON ELEMENTARY SCHOOL,120159002893,POLK,POLK,Elementary,28.1308,-81.9231,"6800 WALT WILLIAMS RD, LAKELAND, FL 33809"
531891,VALLEYVIEW ELEMENTARY SCHOOL,120159002894,POLK,POLK,Elementary,27.953987,-81.91021,"2900 STATE RD 540A E, LAKELAND, FL 33813"
531901,SOCRUM ELEMENTARY SCHOOL,120159002895,POLK,POLK,Elementary,28.169178,-82.016174,"9400 OLD DADE CITY RD, LAKELAND, FL 33810"
531908,SPESSARD L HOLLAND ELEMENTARY,120159007262,POLK,POLK,Elementary,27.94837,-81.868981,"2342 EF GRIFFIN RD, BARTOW, FL 33830"
531921,"FROSTPROOF BEN HILL GRIFFIN, JR ELEMENTARY SCHOOL",120159001982,POLK,POLK,Elementary,27.765176,-81.535792,"501 MCLEOD RD, FROSTPROOF, FL 33843"
531931,GEORGE W. JENKINS SENIOR HIGH,120159001985,POLK,POLK,Senior High,27.957476,-81.919256,"6000 LAKELAND HIGHLANDS RD, LAKELAND, FL 33813"
531941,LOUGHMAN OAKS ELEMENTARY SCHOOL,120159001043,POLK,POLK,Elementary,28.218471,-81.568763,"4600 US HWY 17- 92 N, DAVENPORT, FL 33837"
531951,BERKLEY ELEMENTARY SCHOOL,120159004441,POLK,POLK,Elementary,28.140571,-81.820838,"5240 BERKLEY RD, AUBURNDALE, FL 33823"
531961,DISCOVERY ACADEMY OF LAKE ALFRED,120159003112,POLK,POLK,Middle/Junior,28.108388,-81.729032,"1000 BUENA VISTA DR N, LAKE ALFRED, FL 33850"
531971,SLEEPY HILL MIDDLE SCHOOL,120159003655,POLK,POLK,Middle/Junior,28.0933,-81.9922,"2215 SLEEPY HILL RD, LAKELAND, FL 33810"
531981,DUNDEE RIDGE MIDDLE ACADEMY,120159003656,POLK,POLK,Middle/Junior,28.016483,-81.596851,"5555 LAKE TRASK RD, DUNDEE, FL 33838"
531991,LAKE REGION HIGH SCHOOL,120159003016,POLK,POLK,Senior High,27.980503,-81.748308,"1995 THUNDER RD, EAGLE LAKE, FL 33839"
532002,DAVENPORT HIGH SCHOOL,120159008685,POLK,POLK,Senior High,28.226603,-81.587891,"4525 CR 547 N, DAVENPORT, FL 33837"
532003,BELLA CITTA,120159008951,POLK,POLK,Combination,28.274783,-81.657935,"1915 S FLORAL AVE, BARTOW, FL 33214"
537023,POLK FULL TIME ESCHOOL,120159008317,POLK,POLK,Combination,28.037481,-81.973021,"604 S. CENTRAL AVE, LAKELAND, FL 33815"
538003,POLK STATE LAKELAND GATEWAY TO COLLEGE COLLEGIATE HIGH SCHOOL,120159008246,POLK,POLK,Senior High,27.990287,-81.889713,"3425 WINTER LAKE RD, LAKELAND, FL 33803"
538005,MAGNOLIA MONTESSORI ACADEMY,120159008234,POLK,POLK,Combination,28.035192,-81.974164,"815 S. CENTRAL AVE, LAKELAND, FL 33815"
538007,NAVIGATOR ACADEMY OF LEADERSHIP DAVENPORT,120159008680,POLK,POLK,Combination,28.162209,-81.632905,"495 HOLLY HILL RD, DAVENPORT, FL 33837"
538009,BRIDGEPREP ACADEMY OF POLK,120159009037,POLK,POLK,Combination,28.320714,-81.658211,"9875 SW 72 STREET, MIAMI, FL 33173"
538010,MATER ACADEMY DAVENPORT,120159008671,POLK,POLK,Elementary,28.240577,-81.562173,"318 RONALD REAGAN PKWY, DAVENPORT, FL 33896"
538020,MATER ACADEMY DAVENPORT MIDDLE SCHOOL,120159010809,POLK,POLK,Middle/Junior,28.240577,-81.562173,"318 RONALD REAGAN PARKWAY, DAVENPORT, FL 33896"
538121,HARTRIDGE ACADEMY,120159003788,POLK,POLK,Elementary,28.070444,-81.746786,"1400 US HIGHWAY 92 W, WINTER HAVEN, FL 33881"
538131,POLK STATE COLLEGE COLLEGIATE HIGH SCHOOL,120159004186,POLK,POLK,Senior High,27.990287,-81.889713,"3425 WINTER LAKE RD, LAKELAND, FL 33803"
538133,CHAIN OF LAKES COLLEGIATE HIGH,120159005349,POLK,POLK,Senior High,28.031181,-81.714154,"999 AVENUE H NE, WINTER HAVEN, FL 33881"
538141,LAKELAND MONTESSORI SCHOOL HOUSE,120159004178,POLK,POLK,Combination,28.058188,-81.94129,"1124 LAKE PARKER AVE N, LAKELAND, FL 33805"
538142,BERKLEY ACCELERATED,120159004188,POLK,POLK,Combination,28.142158,-81.820769,"5316 BERKLEY RD, AUBURNDALE, FL 33823"
538171,CYPRESS JUNCTION MONTESSORI,120159008572,POLK,POLK,Combination,28.020192,-81.731892,"220 5TH ST SW, WINTER HAVEN, FL 33880"
538181,DISCOVERY HIGH SCHOOL,120159008515,POLK,POLK,Senior High,28.112377,-81.724902,"1000 N BUENA VISTA DR, LAKE ALFRED, FL 33850"
538201,MI ESCUELA MONTESSORI,120159008952,POLK,POLK,Combination,28.013598,-81.919179,"2130 E. EDGEWOOD DRIVE, LAKELAND, FL 33803"
590021,HAMILTON ELEMENTARY SCHOOL,120171002464,SEMINOLE,SEMINOLE,Elementary,28.804832,-81.253135,"1501 E 8TH ST, SANFORD, FL 32771"
590031,BEAR LAKE ELEMENTARY SCHOOL,120171001862,SEMINOLE,SEMINOLE,Elementary,28.666639,-81.448895,"3399 GLEAVES CT, APOPKA, FL 32703"
590041,ENGLISH ESTATES ELEMENTARY SCHOOL,120171001863,SEMINOLE,SEMINOLE,Elementary,28.649005,-81.340284,"299 OXFORD RD, FERN PARK, FL 32730"
590051,GENEVA ELEMENTARY SCHOOL,120171001864,SEMINOLE,SEMINOLE,Elementary,28.738553,-81.114352,"275 1ST ST, GENEVA, FL 32732"
590071,LAKE MARY HIGH SCHOOL,120171002261,SEMINOLE,SEMINOLE,Senior High,28.736651,-81.336695,"655 LONGWOOD LAKE MARY RD, LAKE MARY, FL 32746"
590081,LAKE MARY ELEMENTARY SCHOOL,120171001866,SEMINOLE,SEMINOLE,Elementary,28.7549,-81.3234,"132 S COUNTRY CLUB RD, LAKE MARY, FL 32746"
590091,LONGWOOD ELEMENTARY SCHOOL,120171001867,SEMINOLE,SEMINOLE,Elementary,28.703209,-81.330963,"840 ORANGE AVE, LONGWOOD, FL 32750"
590101,MILWEE MIDDLE SCHOOL,120171001868,SEMINOLE,SEMINOLE,Middle/Junior,28.680725,-81.346545,"1341 S RONALD REAGAN BLVD, LONGWOOD, FL 32750"
590111,EVANS ELEMENTARY SCHOOL,120171004449,SEMINOLE,SEMINOLE,Elementary,28.642082,-81.204944,"100 E CHAPMAN RD, OVIEDO, FL 32765"
590121,LAYER ELEMENTARY SCHOOL,120171004010,SEMINOLE,SEMINOLE,Elementary,28.706657,-81.29368,"4201 SR 419, WINTER SPRINGS, FL 32708"
590131,LAWTON ELEMENTARY SCHOOL,120171001869,SEMINOLE,SEMINOLE,Elementary,28.668109,-81.210268,"151 GRAHAM AVE, OVIEDO, FL 32765"
590141,PINE CREST ELEMENTARY SCHOOL,120171001870,SEMINOLE,SEMINOLE,Elementary,28.777365,-81.26948,"405 W 27TH ST, SANFORD, FL 32773"
590151,SANFORD MIDDLE SCHOOL,120171001871,SEMINOLE,SEMINOLE,Middle/Junior,28.7969,-81.2747,"1700 S FRENCH AVE, SANFORD, FL 32771"
590171,WALKER ELEMENTARY SCHOOL,120171004009,SEMINOLE,SEMINOLE,Elementary,28.647855,-81.127912,"3101 SNOW HILL RD, CHULUOTA, FL 32766"
590181,SEMINOLE HIGH SCHOOL,120171001872,SEMINOLE,SEMINOLE,Senior High,28.779445,-81.283002,"2701 RIDGEWOOD AVE, SANFORD, FL 32773"
590182,MILLENNIUM MIDDLE SCHOOL,120171001873,SEMINOLE,SEMINOLE,Middle/Junior,28.78765,-81.242686,"2330 E SR 46, SANFORD, FL 32771"
590201,SOUTH SEMINOLE MIDDLE SCHOOL,120171001874,SEMINOLE,SEMINOLE,Middle/Junior,28.660449,-81.319586,"101 S WINTER PARK DR, CASSELBERRY, FL 32707"
590202,CASSELBERRY ELEMENTARY SCHOOL,120171001875,SEMINOLE,SEMINOLE,Elementary,28.661007,-81.317297,"1075 CRYSTAL BOWL CIR, CASSELBERRY, FL 32707"
590231,WILSON ELEMENTARY SCHOOL,120171001877,SEMINOLE,SEMINOLE,Elementary,28.801729,-81.362341,"985 S ORANGE BLVD, SANFORD, FL 32771"
590251,CROOMS ACADEMY OF INFORMATION TECHNOLOGY,120171002533,SEMINOLE,SEMINOLE,Senior High,28.801726,-81.29007,"2200 W 13TH ST, SANFORD, FL 32771"
590271,GOLDSBORO ELEMENTARY MAGNET,120171001879,SEMINOLE,SEMINOLE,Elementary,28.795652,-81.282475,"1300 W 20TH ST, SANFORD, FL 32771"
590291,JACKSON HEIGHTS MIDDLE SCHOOL,120171001881,SEMINOLE,SEMINOLE,Middle/Junior,28.668189,-81.195055,"41 ACADEMY AVE, OVIEDO, FL 32765"
590301,MIDWAY ELEMENTARY SCHOOL,120171001882,SEMINOLE,SEMINOLE,Elementary,28.788551,-81.240598,"2368 BRISSON AVE, SANFORD, FL 32771"
590331,HIGHLANDS ELEMENTARY SCHOOL,120171003125,SEMINOLE,SEMINOLE,Elementary,28.716543,-81.317692,"1600 SHEPARD RD, WINTER SPRINGS, FL 32708"
590361,RAINBOW ELEMENTARY SCHOOL,120171001997,SEMINOLE,SEMINOLE,Elementary,28.653459,-81.253349,"1412 RAINBOW TRL, WINTER SPRINGS, FL 32708"
590391,WINTER SPRINGS ELEMENTARY SCHOOL,120171001884,SEMINOLE,SEMINOLE,Elementary,28.696858,-81.312483,"701 W STATE ROAD 434, WINTER SPRINGS, FL 32708"
590401,SPRING LAKE ELEMENTARY SCHOOL,120171001885,SEMINOLE,SEMINOLE,Elementary,28.659801,-81.410045,"695 ORANGE AVE, ALTAMONTE SPRINGS, FL 32714"
590421,OVIEDO HIGH SCHOOL,120171001886,SEMINOLE,SEMINOLE,Senior High,28.6732,-81.2185,"601 KING ST, OVIEDO, FL 32765"
590431,LYMAN HIGH SCHOOL,120171001887,SEMINOLE,SEMINOLE,Senior High,28.687316,-81.344086,"865 S RONALD REAGAN BLVD, LONGWOOD, FL 32750"
590441,CARILLON ELEMENTARY SCHOOL,120171003126,SEMINOLE,SEMINOLE,Elementary,28.625618,-81.181954,"3200 LOCKWOOD BLVD, OVIEDO, FL 32765"
590491,LAKE BRANTLEY HIGH SCHOOL,120171001888,SEMINOLE,SEMINOLE,Senior High,28.681886,-81.422562,"991 SAND LAKE RD, ALTAMONTE SPRINGS, FL 32714"
590501,TEAGUE MIDDLE SCHOOL,120171001889,SEMINOLE,SEMINOLE,Middle/Junior,28.65721,-81.43664,"1350 MCNEIL RD, ALTAMONTE SPRINGS, FL 32714"
590502,FOREST CITY ELEMENTARY SCHOOL,120171001890,SEMINOLE,SEMINOLE,Elementary,28.678157,-81.424586,"1010 SAND LAKE RD, ALTAMONTE SPRINGS, FL 32714"
590511,RED BUG ELEMENTARY SCHOOL,120171001891,SEMINOLE,SEMINOLE,Elementary,28.648956,-81.28238,"4000 RED BUG LAKE RD, CASSELBERRY, FL 32707"
590521,IDYLLWILDE ELEMENTARY SCHOOL,120171001892,SEMINOLE,SEMINOLE,Elementary,28.792284,-81.309365,"430 VIHLEN RD, SANFORD, FL 32771"
590531,EASTBROOK ELEMENTARY SCHOOL,120171001893,SEMINOLE,SEMINOLE,Elementary,28.620671,-81.293785,"5525 TANGERINE AVE, WINTER PARK, FL 32792"
590541,TUSKAWILLA MIDDLE SCHOOL,120171001894,SEMINOLE,SEMINOLE,Middle/Junior,28.634123,-81.264737,"1801 TUSKAWILLA RD, OVIEDO, FL 32765"
590551,LAKE HOWELL HIGH SCHOOL,120171001895,SEMINOLE,SEMINOLE,Senior High,28.637631,-81.273584,"4200 DIKE RD, WINTER PARK, FL 32792"
590561,ALTAMONTE ELEMENTARY SCHOOL,120171001896,SEMINOLE,SEMINOLE,Elementary,28.680908,-81.37174,"525 PINEVIEW ST, ALTAMONTE SPRINGS, FL 32701"
590581,SABAL POINT ELEMENTARY SCHOOL,120171001897,SEMINOLE,SEMINOLE,Elementary,28.703792,-81.418762,"960 WEKIVA SPRINGS RD, LONGWOOD, FL 32779"
590591,WOODLANDS ELEMENTARY SCHOOL,120171001898,SEMINOLE,SEMINOLE,Elementary,28.715923,-81.371411,"1420 EE WILLIAMSON RD, LONGWOOD, FL 32750"
590601,LAKE ORIENTA ELEMENTARY SCHOOL,120171001899,SEMINOLE,SEMINOLE,Elementary,28.648131,-81.371309,"612 NEWPORT AVE, ALTAMONTE SPRINGS, FL 32701"
590611,STERLING PARK ELEMENTARY SCHOOL,120171001900,SEMINOLE,SEMINOLE,Elementary,28.652388,-81.304738,"905 EAGLE CIR S, CASSELBERRY, FL 32707"
590621,ROCK LAKE MIDDLE SCHOOL,120171002103,SEMINOLE,SEMINOLE,Middle/Junior,28.705046,-81.371171,"250 SLADE DR, LONGWOOD, FL 32750"
590651,WEKIVA ELEMENTARY SCHOOL,120171001901,SEMINOLE,SEMINOLE,Elementary,28.687973,-81.440262,"1450 E WEKIVA TRL, LONGWOOD, FL 32779"
590661,KEETH ELEMENTARY SCHOOL,120171002410,SEMINOLE,SEMINOLE,Elementary,28.685344,-81.263881,"425 TUSKAWILLA RD, WINTER SPRINGS, FL 32708"
590671,GREENWOOD LAKES MIDDLE SCHOOL,120171002534,SEMINOLE,SEMINOLE,Middle/Junior,28.7357,-81.3407,"601 LAKE PARK DR, LAKE MARY, FL 32746"
590681,STENSTROM ELEMENTARY SCHOOL,120171002636,SEMINOLE,SEMINOLE,Elementary,28.654003,-81.191011,"1800 ALAFAYA WOODS BLVD, OVIEDO, FL 32765"
590691,HEATHROW ELEMENTARY SCHOOL,120171002905,SEMINOLE,SEMINOLE,Elementary,28.782975,-81.382939,"5715 MARKHAM WOODS RD, LAKE MARY, FL 32746"
590701,PARTIN ELEMENTARY SCHOOL,120171002906,SEMINOLE,SEMINOLE,Elementary,28.6497,-81.1562,"1500 TWIN RIVERS BLVD, OVIEDO, FL 32766"
590711,INDIAN TRAILS MIDDLE SCHOOL,120171001179,SEMINOLE,SEMINOLE,Middle/Junior,28.6875,-81.2638,"415 TUSKAWILLA RD, WINTER SPRINGS, FL 32708"
590721,CHILES MIDDLE SCHOOL,120171004450,SEMINOLE,SEMINOLE,Middle/Junior,28.653018,-81.154986,"1240 SANCTUARY DR, OVIEDO, FL 32766"
590731,MARKHAM WOODS MIDDLE SCHOOL,120171005390,SEMINOLE,SEMINOLE,Middle/Junior,28.7853,-81.3829,"6003 MARKHAM WOODS RD, LAKE MARY, FL 32746"
590801,BENTLEY ELEMENTARY SCHOOL,120171003801,SEMINOLE,SEMINOLE,Elementary,28.794735,-81.330415,"2190 S OREGON AVE, SANFORD, FL 32771"
590811,WICKLOW ELEMENTARY SCHOOL,120171003269,SEMINOLE,SEMINOLE,Elementary,28.779463,-81.294899,"100 PLACID LAKE DR, SANFORD, FL 32773"
590821,CRYSTAL LAKE ELEMENTARY SCHOOL,120171005391,SEMINOLE,SEMINOLE,Elementary,28.761809,-81.344176,"231 RINEHART RD, LAKE MARY, FL 32746"
590911,WINTER SPRINGS HIGH SCHOOL,120171003270,SEMINOLE,SEMINOLE,Senior High,28.703862,-81.265473,"130 TUSKAWILLA RD, WINTER SPRINGS, FL 32708"
590931,HAGERTY HIGH SCHOOL,120171005736,SEMINOLE,SEMINOLE,Senior High,28.625209,-81.178051,"3225 LOCKWOOD BLVD, OVIEDO, FL 32765"
597004,A SEMINOLE COUNTY VIRTUAL SCHOOL,120171007703,SEMINOLE,SEMINOLE,Combination,28.73574,-81.362911,"450 TECHNOLOGY PARK, LAKE MARY, FL 32746"
599229,CHOICES IN LEARNING CHARTER,120171003803,SEMINOLE,SEMINOLE,Elementary,28.705858,-81.271455,"1100 EAST STATE ROAD 434, WINTER SPRINGS, FL 32708"
599233,GALILEO SCHOOL FOR GIFTED LEARNING,120171007937,SEMINOLE,SEMINOLE,Combination,28.787743,-81.217534,"3900 E STATE ROAD 46, SANFORD, FL 32771"
599236,SEMINOLE SCIENCE CHARTER SCHOOL,120171008494,SEMINOLE,SEMINOLE,Combination,28.73503,-81.306998,"3580 N US HIGHWAY 17-92, LAKE MARY, FL 32746"
599255,GALILEO SCHOOL FOR GIFTED LEARNING SKYWAY,120171008899,SEMINOLE,SEMINOLE,Combination,28.756394,-81.221954,"3755 SKYWAY DR, SANFORD, FL 32773"
